01_teacher_student_double_descent,<module 'random' from 'c:\\Users\\jiaya\\anaconda3\\Lib\\random.py'>,2,4,relu,109,0.1,adam,0.003,0.0,5000,13.827367782592773,23.378674507141113,4.6496217250823975
,,,,,,,,,,,,,,01_teacher_student_double_descent,<module 'random' from 'c:\\Users\\jiaya\\anaconda3\\Lib\\random.py'>,2,8,relu,249,0.1,adam,0.003,0.0,5000,7.855951309204102,32.77304649353027,4.598397493362427
,,,,,,,,,,,,,,01_teacher_student_double_descent,<module 'random' from 'c:\\Users\\jiaya\\anaconda3\\Lib\\random.py'>,2,16,relu,625,0.1,adam,0.003,0.0,5000,0.7595289945602417,54.87640380859375,4.942095041275024
,,,,,,,,,,,,,,01_teacher_student_double_descent,<module 'random' from 'c:\\Users\\jiaya\\anaconda3\\Lib\\random.py'>,2,32,relu,1761,0.1,adam,0.003,0.0,5000,0.10662336647510529,44.89128875732422,4.540966033935547
,,,,,,,,,,,,,,01_teacher_student_double_descent,<module 'random' from 'c:\\Users\\jiaya\\anaconda3\\Lib\\random.py'>,2,64,relu,5569,0.1,adam,0.003,0.0,5000,0.11604044586420059,32.89962577819824,4.693269729614258
,,,,,,,,,,,,,,01_teacher_student_double_descent,<module 'random' from 'c:\\Users\\jiaya\\anaconda3\\Lib\\random.py'>,2,96,relu,11425,0.1,adam,0.003,0.0,5000,0.03147926181554794,30.997163772583008,4.791200160980225
,,,,,,,,,,,,,,01_teacher_student_double_descent,<module 'random' from 'c:\\Users\\jiaya\\anaconda3\\Lib\\random.py'>,2,128,relu,19329,0.1,adam,0.003,0.0,5000,0.008835840038955212,29.29207420349121,5.067870616912842
,,,,,,,,,,,,,,01_teacher_student_double_descent,<module 'random' from 'c:\\Users\\jiaya\\anaconda3\\Lib\\random.py'>,2,192,relu,41281,0.1,adam,0.003,0.0,5000,0.24326220154762268,28.196579933166504,5.650969982147217
,,,,,,,,,,,,,,01_teacher_student_double_descent,<module 'random' from 'c:\\Users\\jiaya\\anaconda3\\Lib\\random.py'>,2,256,relu,71425,0.1,adam,0.003,0.0,5000,0.08232515305280685,27.41422939300537,6.269666433334351
,,,,,,,,,,,,,,01_teacher_student_double_descent,<module 'random' from 'c:\\Users\\jiaya\\anaconda3\\Lib\\random.py'>,2,384,relu,156289,0.1,adam,0.003,0.0,5000,0.048067882657051086,25.990817070007324,8.003098964691162
,,,,,,,,,,,,,,01_teacher_student_double_descent,<module 'random' from 'c:\\Users\\jiaya\\anaconda3\\Lib\\random.py'>,2,512,relu,273921,0.1,adam,0.003,0.0,5000,0.0007584794075228274,25.095154762268066,10.545326232910156
,,,,,,,,,,,,,,01_teacher_student_double_descent,<module 'random' from 'c:\\Users\\jiaya\\anaconda3\\Lib\\random.py'>,2,768,relu,607489,0.1,adam,0.003,0.0,5000,0.0021165162324905396,24.499953269958496,25.482378482818604
,,,,,,,,,,,,,,01_teacher_student_double_descent,<module 'random' from 'c:\\Users\\jiaya\\anaconda3\\Lib\\random.py'>,2,1024,relu,1072129,0.1,adam,0.003,0.0,5000,0.007676966488361359,23.65011215209961,41.27448225021362
,,,,,,,,,,,,,,01_teacher_student_double_descent_attempt2,<module 'random' from 'c:\\Users\\jiaya\\anaconda3\\Lib\\random.py'>,2,4,relu,109,0.3,adam,0.003,0.0,8000,7.937469959259033,37.47323799133301,7.250149965286255
,,,,,,,,,,,,,,01_teacher_student_double_descent_attempt2,<module 'random' from 'c:\\Users\\jiaya\\anaconda3\\Lib\\random.py'>,2,8,relu,249,0.3,adam,0.003,0.0,8000,2.1066651344299316,56.37331962585449,7.290961027145386
,,,,,,,,,,,,,,01_teacher_student_double_descent_attempt2,<module 'random' from 'c:\\Users\\jiaya\\anaconda3\\Lib\\random.py'>,2,16,relu,625,0.3,adam,0.003,0.0,8000,5.084956228529336e-06,54.98293876647949,7.2745466232299805
,,,,,,,,,,,,,,01_teacher_student_double_descent_attempt2,<module 'random' from 'c:\\Users\\jiaya\\anaconda3\\Lib\\random.py'>,2,32,relu,1761,0.3,adam,0.003,0.0,8000,2.7581660106079653e-05,38.64207458496094,7.118093490600586
,,,,,,,,,,,,,,01_teacher_student_double_descent_attempt2,<module 'random' from 'c:\\Users\\jiaya\\anaconda3\\Lib\\random.py'>,2,64,relu,5569,0.3,adam,0.003,0.0,8000,0.005244426894932985,34.16959190368652,7.291696071624756
,,,,,,,,,,,,,,01_teacher_student_double_descent_attempt2,<module 'random' from 'c:\\Users\\jiaya\\anaconda3\\Lib\\random.py'>,2,96,relu,11425,0.3,adam,0.003,0.0,8000,0.00012764915300067514,32.69887447357178,7.50054144859314
,,,,,,,,,,,,,,01_teacher_student_double_descent_attempt2,<module 'random' from 'c:\\Users\\jiaya\\anaconda3\\Lib\\random.py'>,2,128,relu,19329,0.3,adam,0.003,0.0,8000,0.0003046115452889353,31.6887845993042,7.866614580154419
,,,,,,,,,,,,,,01_teacher_student_double_descent_attempt2,<module 'random' from 'c:\\Users\\jiaya\\anaconda3\\Lib\\random.py'>,2,192,relu,41281,0.3,adam,0.003,0.0,8000,7.885876584623475e-06,28.678325653076172,8.962198972702026
,,,,,,,,,,,,,,01_teacher_student_double_descent_attempt2,<module 'random' from 'c:\\Users\\jiaya\\anaconda3\\Lib\\random.py'>,2,256,relu,71425,0.3,adam,0.003,0.0,8000,0.020556101575493813,29.330116271972656,10.342851161956787
,,,,,,,,,,,,,,01_teacher_student_double_descent_attempt2,<module 'random' from 'c:\\Users\\jiaya\\anaconda3\\Lib\\random.py'>,2,384,relu,156289,0.3,adam,0.003,0.0,8000,0.0029692400712519884,27.940390586853027,12.361856698989868
,,,,,,,,,,,,,,01_teacher_student_double_descent_attempt2,<module 'random' from 'c:\\Users\\jiaya\\anaconda3\\Lib\\random.py'>,2,512,relu,273921,0.3,adam,0.003,0.0,8000,0.0009855463868007064,27.37524700164795,16.400258541107178
,,,,,,,,,,,,,,01_teacher_student_double_descent_attempt2,<module 'random' from 'c:\\Users\\jiaya\\anaconda3\\Lib\\random.py'>,2,768,relu,607489,0.3,adam,0.003,0.0,8000,0.002772886073216796,26.259387016296387,39.092740058898926
,,,,,,,,,,,,,,01_teacher_student_double_descent_attempt2,<module 'random' from 'c:\\Users\\jiaya\\anaconda3\\Lib\\random.py'>,2,1024,relu,1072129,0.3,adam,0.003,0.0,8000,0.006450038403272629,26.262818336486816,66.47983956336975
,,,,,,,,,,,,,,01_teacher_student_double_descent_attempt3,14,2,2,relu,51,256,4096,20,256,2,0.3,train_mean_std,sgd,0.01,0.0,256,20000,0.3293628990650177,0.6282571852207184,12.845037698745728
,,,,,,,,,,,,,,01_teacher_student_double_descent_attempt3,14,2,4,relu,109,256,4096,20,256,2,0.3,train_mean_std,sgd,0.01,0.0,256,20000,0.18407505750656128,2.1811888217926025,12.198256492614746
,,,,,,,,,,,,,,01_teacher_student_double_descent_attempt3,14,2,6,relu,175,256,4096,20,256,2,0.3,train_mean_std,sgd,0.01,0.0,256,20000,0.04385673999786377,1.2222422361373901,12.380752563476562
,,,,,,,,,,,,,,01_teacher_student_double_descent_attempt3,14,2,8,relu,249,256,4096,20,256,2,0.3,train_mean_std,sgd,0.01,0.0,256,20000,0.012629575096070766,1.6069685220718384,12.763407468795776
,,,,,,,,,,,,,,01_teacher_student_double_descent_attempt3,14,2,10,relu,331,256,4096,20,256,2,0.3,train_mean_std,sgd,0.01,0.0,256,20000,0.0012740854872390628,1.885863184928894,13.223345756530762
,,,,,,,,,,,,,,01_teacher_student_double_descent_attempt3,14,2,12,relu,421,256,4096,20,256,2,0.3,train_mean_std,sgd,0.01,0.0,256,20000,8.833148967823945e-08,1.8412389755249023,12.76569151878357
,,,,,,,,,,,,,,01_teacher_student_double_descent_attempt3,14,2,14,relu,519,256,4096,20,256,2,0.3,train_mean_std,sgd,0.01,0.0,256,20000,6.6666351258848344e-12,1.4532102346420288,12.93964433670044
,,,,,,,,,,,,,,01_teacher_student_double_descent_attempt3,14,2,16,relu,625,256,4096,20,256,2,0.3,train_mean_std,sgd,0.01,0.0,256,20000,2.400485192566304e-12,1.1031029224395752,12.608202457427979
,,,,,,,,,,,,,,01_teacher_student_double_descent_attempt3,14,2,18,relu,739,256,4096,20,256,2,0.3,train_mean_std,sgd,0.01,0.0,256,20000,1.0096086293376327e-12,1.1210665702819824,12.920032262802124
,,,,,,,,,,,,,,01_teacher_student_double_descent_attempt3,14,2,20,relu,861,256,4096,20,256,2,0.3,train_mean_std,sgd,0.01,0.0,256,20000,7.525577383482585e-13,1.1247562170028687,13.080084085464478
,,,,,,,,,,,,,,01_teacher_student_double_descent_attempt3,14,2,22,relu,991,256,4096,20,256,2,0.3,train_mean_std,sgd,0.01,0.0,256,20000,8.022400018597997e-13,1.0952007174491882,13.23845362663269
,,,,,,,,,,,,,,01_teacher_student_double_descent_attempt3,14,2,24,relu,1129,256,4096,20,256,2,0.3,train_mean_std,sgd,0.01,0.0,256,20000,5.111415305771028e-13,1.0772724747657776,13.229482889175415
,,,,,,,,,,,,,,01_teacher_student_double_descent_attempt3,14,2,26,relu,1275,256,4096,20,256,2,0.3,train_mean_std,sgd,0.01,0.0,256,20000,6.026374061232631e-13,0.9007993042469025,13.44038701057434
,,,,,,,,,,,,,,01_teacher_student_double_descent_attempt3,14,2,28,relu,1429,256,4096,20,256,2,0.3,train_mean_std,sgd,0.01,0.0,256,20000,3.563888550592309e-13,0.980203241109848,13.14687991142273
,,,,,,,,,,,,,,01_teacher_student_double_descent_attempt3,14,2,30,relu,1591,256,4096,20,256,2,0.3,train_mean_std,sgd,0.01,0.0,256,20000,3.291413365816287e-13,0.9643350839614868,13.418429374694824
,,,,,,,,,,,,,,01_teacher_student_double_descent_attempt3,14,2,32,relu,1761,256,4096,20,256,2,0.3,train_mean_std,sgd,0.01,0.0,256,20000,2.765422439654497e-13,0.9706771671772003,13.174519538879395
,,,,,,,,,,,,,,01_teacher_student_double_descent_attempt3,14,2,34,relu,1939,256,4096,20,256,2,0.3,train_mean_std,sgd,0.01,0.0,256,20000,3.4133308159101095e-13,0.8205856382846832,13.191226959228516
,,,,,,,,,,,,,,01_teacher_student_double_descent_attempt3,14,2,36,relu,2125,256,4096,20,256,2,0.3,train_mean_std,sgd,0.01,0.0,256,20000,2.6822793118552735e-13,0.9217240810394287,13.58720326423645
,,,,,,,,,,,,,,01_teacher_student_double_descent_attempt3,14,2,38,relu,2319,256,4096,20,256,2,0.3,train_mean_std,sgd,0.01,0.0,256,20000,3.1525286938241526e-13,0.8492856621742249,14.614295959472656
,,,,,,,,,,,,,,01_teacher_student_double_descent_attempt3,14,2,40,relu,2521,256,4096,20,256,2,0.3,train_mean_std,sgd,0.01,0.0,256,20000,2.7394319451756743e-13,0.8632519245147705,13.739068984985352
,,,,,,,,,,,,,,01_teacher_student_double_descent_attempt3,14,2,42,relu,2731,256,4096,20,256,2,0.3,train_mean_std,sgd,0.01,0.0,256,20000,2.316446730613042e-13,0.8735963404178619,13.94914984703064
,,,,,,,,,,,,,,01_teacher_student_double_descent_attempt3,14,2,44,relu,2949,256,4096,20,256,2,0.3,train_mean_std,sgd,0.01,0.0,256,20000,1.5073393108775562e-13,0.8724097609519958,13.60560393333435
,,,,,,,,,,,,,,01_teacher_student_double_descent_attempt3,14,2,46,relu,3175,256,4096,20,256,2,0.3,train_mean_std,sgd,0.01,0.0,256,20000,1.9014194244711818e-13,0.8682137429714203,13.886117696762085
,,,,,,,,,,,,,,01_teacher_student_double_descent_attempt3,14,2,48,relu,3409,256,4096,20,256,2,0.3,train_mean_std,sgd,0.01,0.0,256,20000,1.3741551028578075e-13,0.8758421540260315,13.340593338012695
,,,,,,,,,,,,,,01_teacher_student_double_descent_attempt3,14,2,50,relu,3651,256,4096,20,256,2,0.3,train_mean_std,sgd,0.01,0.0,256,20000,2.1030468761850524e-13,0.8104599118232727,13.748862743377686
,,,,,,,,,,,,,,01_teacher_student_double_descent_attempt3,14,2,52,relu,3901,256,4096,20,256,2,0.3,train_mean_std,sgd,0.01,0.0,256,20000,1.5431521349380112e-13,0.8653692603111267,13.915367364883423
,,,,,,,,,,,,,,01_teacher_student_double_descent_attempt3,14,2,54,relu,4159,256,4096,20,256,2,0.3,train_mean_std,sgd,0.01,0.0,256,20000,1.815325098358453e-13,0.8189182281494141,14.34845781326294
,,,,,,,,,,,,,,01_teacher_student_double_descent_attempt3,14,2,56,relu,4425,256,4096,20,256,2,0.3,train_mean_std,sgd,0.01,0.0,256,20000,1.8289621932839756e-13,0.8063950538635254,14.138813972473145
,,,,,,,,,,,,,,01_teacher_student_double_descent_attempt3,14,2,58,relu,4699,256,4096,20,256,2,0.3,train_mean_std,sgd,0.01,0.0,256,20000,1.912042708407738e-13,0.7838983237743378,14.527853727340698
,,,,,,,,,,,,,,01_teacher_student_double_descent_attempt3,14,2,60,relu,4981,256,4096,20,256,2,0.3,train_mean_std,sgd,0.01,0.0,256,20000,1.6211550602374808e-13,0.7937634885311127,14.002787828445435
,,,,,,,,,,,,,,01_teacher_student_double_descent_attempt3,14,2,62,relu,5271,256,4096,20,256,2,0.3,train_mean_std,sgd,0.01,0.0,256,20000,1.2680111680703904e-13,0.7972299456596375,14.629179239273071
,,,,,,,,,,,,,,01_teacher_student_double_descent_attempt3,14,2,64,relu,5569,256,4096,20,256,2,0.3,train_mean_std,sgd,0.01,0.0,256,20000,1.0712889180353874e-13,0.7574994266033173,14.35363245010376
,,,,,,,,,,,,,,01_teacher_student_double_descent_attempt3,14,2,80,relu,8241,256,4096,20,256,2,0.3,train_mean_std,sgd,0.01,0.0,256,20000,8.773422255619473e-14,0.7624549567699432,14.938878536224365
,,,,,,,,,,,,,,01_teacher_student_double_descent_attempt3,14,2,96,relu,11425,256,4096,20,256,2,0.3,train_mean_std,sgd,0.01,0.0,256,20000,5.110288345375365e-14,0.7201189696788788,15.188140153884888
,,,,,,,,,,,,,,01_teacher_student_double_descent_attempt3,14,2,128,relu,19329,256,4096,20,256,2,0.3,train_mean_std,sgd,0.01,0.0,256,20000,3.085649208475934e-14,0.7195613980293274,16.642653226852417
,,,,,,,,,,,,,,01_teacher_student_double_descent_attempt3,14,2,160,relu,29281,256,4096,20,256,2,0.3,train_mean_std,sgd,0.01,0.0,256,20000,1.4205125384346776e-14,0.7014592289924622,17.72433114051819
,,,,,,,,,,,,,,01_teacher_student_double_descent_attempt3,14,2,192,relu,41281,256,4096,20,256,2,0.3,train_mean_std,sgd,0.01,0.0,256,20000,1.7798523749669795e-14,0.6619473099708557,19.14068865776062
,,,,,,,,,,,,,,01_teacher_student_double_descent_attempt3,14,2,256,relu,71425,256,4096,20,256,2,0.3,train_mean_std,sgd,0.01,0.0,256,20000,1.1640580670603876e-14,0.6457089781761169,23.24152970314026
,,,,,,,,,,,,,,01_teacher_student_double_descent_attempt3,14,2,384,relu,156289,256,4096,20,256,2,0.3,train_mean_std,sgd,0.01,0.0,256,20000,4.731183842051831e-15,0.6601772308349609,31.483731985092163
,,,,,,,,,,,,,,01_teacher_student_double_descent_attempt3,14,2,512,relu,273921,256,4096,20,256,2,0.3,train_mean_std,sgd,0.01,0.0,256,20000,3.858868655387884e-15,0.6410149335861206,45.29374361038208
,,,,,,,,,,,,,,01_teacher_student_double_descent_attempt3,14,2,768,relu,607489,256,4096,20,256,2,0.3,train_mean_std,sgd,0.01,0.0,256,20000,3.575417549918705e-15,0.6229133903980255,95.4106080532074
,,,,,,,,,,,,,,01_teacher_student_double_descent_attempt3,14,2,1024,relu,1072129,256,4096,20,256,2,0.3,train_mean_std,sgd,0.01,0.0,256,20000,2.034278371839185e-15,0.6245001554489136,159.0554141998291
,,,,,,,,,,,,,,01_teacher_student_double_descent_attempt4,14,2,2,relu,51,64,4096,20,256,2,1.0,none,adam,0.001,0.0,64,12000,3.824463129043579,63.622541427612305,10.842771291732788
,,,,,,,,,,,,,,01_teacher_student_double_descent_attempt4,14,2,4,relu,109,64,4096,20,256,2,1.0,none,adam,0.001,0.0,64,12000,0.08044427633285522,57.30893898010254,10.161015272140503
,,,,,,,,,,,,,,01_teacher_student_double_descent_attempt4,14,2,6,relu,175,64,4096,20,256,2,1.0,none,adam,0.001,0.0,64,12000,1.9118471755064093e-05,47.83208084106445,11.516010761260986
,,,,,,,,,,,,,,01_teacher_student_double_descent_attempt4,14,2,8,relu,249,64,4096,20,256,2,1.0,none,adam,0.001,0.0,64,12000,0.00020014293841086328,42.516021728515625,12.05619478225708
,,,,,,,,,,,,,,01_teacher_student_double_descent_attempt4,14,2,10,relu,331,64,4096,20,256,2,1.0,none,adam,0.001,0.0,64,12000,6.06704197707586e-05,46.80830764770508,11.527839660644531
,,,,,,,,,,,,,,01_teacher_student_double_descent_attempt4,14,2,12,relu,421,64,4096,20,256,2,1.0,none,adam,0.001,0.0,64,12000,9.760547072801273e-07,39.7581672668457,10.338138818740845
,,,,,,,,,,,,,,01_teacher_student_double_descent_attempt4,14,2,14,relu,519,64,4096,20,256,2,1.0,none,adam,0.001,0.0,64,12000,0.00014952634228393435,37.214744567871094,10.285436868667603
,,,,,,,,,,,,,,01_teacher_student_double_descent_attempt4,14,2,16,relu,625,64,4096,20,256,2,1.0,none,adam,0.001,0.0,64,12000,0.0008596684201620519,35.92217254638672,10.1533944606781
,,,,,,,,,,,,,,01_teacher_student_double_descent_attempt4,14,2,18,relu,739,64,4096,20,256,2,1.0,none,adam,0.001,0.0,64,12000,0.0040712845511734486,36.018972396850586,10.18439269065857
,,,,,,,,,,,,,,01_teacher_student_double_descent_attempt4,14,2,20,relu,861,64,4096,20,256,2,1.0,none,adam,0.001,0.0,64,12000,2.1431212644529296e-06,34.8695011138916,10.127340078353882
,,,,,,,,,,,,,,01_teacher_student_double_descent_attempt4,14,2,22,relu,991,64,4096,20,256,2,1.0,none,adam,0.001,0.0,64,12000,0.00017533607024233788,33.96379852294922,10.298097610473633
,,,,,,,,,,,,,,01_teacher_student_double_descent_attempt4,14,2,24,relu,1129,64,4096,20,256,2,1.0,none,adam,0.001,0.0,64,12000,5.2128074457868934e-05,34.65032768249512,10.407977104187012
,,,,,,,,,,,,,,01_teacher_student_double_descent_attempt4,14,2,26,relu,1275,64,4096,20,256,2,1.0,none,adam,0.001,0.0,64,12000,0.00010155283962376416,34.760847091674805,10.668760299682617
,,,,,,,,,,,,,,01_teacher_student_double_descent_attempt4,14,2,28,relu,1429,64,4096,20,256,2,1.0,none,adam,0.001,0.0,64,12000,0.0002910063194576651,33.9748592376709,10.357572555541992
,,,,,,,,,,,,,,01_teacher_student_double_descent_attempt4,14,2,30,relu,1591,64,4096,20,256,2,1.0,none,adam,0.001,0.0,64,12000,2.8398893846315332e-05,35.3356990814209,10.29544997215271
,,,,,,,,,,,,,,01_teacher_student_double_descent_attempt4,14,2,32,relu,1761,64,4096,20,256,2,1.0,none,adam,0.001,0.0,64,12000,0.0020077843219041824,32.50193786621094,10.222158670425415
,,,,,,,,,,,,,,01_teacher_student_double_descent_attempt4,14,2,34,relu,1939,64,4096,20,256,2,1.0,none,adam,0.001,0.0,64,12000,1.0372713799000621e-10,31.99074935913086,10.259607076644897
,,,,,,,,,,,,,,01_teacher_student_double_descent_attempt4,14,2,36,relu,2125,64,4096,20,256,2,1.0,none,adam,0.001,0.0,64,12000,0.0007783342152833939,31.23830509185791,10.332454681396484
,,,,,,,,,,,,,,01_teacher_student_double_descent_attempt4,14,2,38,relu,2319,64,4096,20,256,2,1.0,none,adam,0.001,0.0,64,12000,3.87386833722303e-09,35.442230224609375,10.518730878829956
,,,,,,,,,,,,,,01_teacher_student_double_descent_attempt4,14,2,40,relu,2521,64,4096,20,256,2,1.0,none,adam,0.001,0.0,64,12000,0.016602596268057823,31.942975997924805,10.258107900619507
,,,,,,,,,,,,,,01_teacher_student_double_descent_attempt4,14,2,42,relu,2731,64,4096,20,256,2,1.0,none,adam,0.001,0.0,64,12000,5.9751981140721e-11,32.66794013977051,10.522558450698853
,,,,,,,,,,,,,,01_teacher_student_double_descent_attempt4,14,2,44,relu,2949,64,4096,20,256,2,1.0,none,adam,0.001,0.0,64,12000,3.193386146449484e-05,31.769725799560547,10.492222547531128
,,,,,,,,,,,,,,01_teacher_student_double_descent_attempt4,14,2,46,relu,3175,64,4096,20,256,2,1.0,none,adam,0.001,0.0,64,12000,0.00053785351337865,31.032973289489746,10.663279294967651
,,,,,,,,,,,,,,01_teacher_student_double_descent_attempt4,14,2,48,relu,3409,64,4096,20,256,2,1.0,none,adam,0.001,0.0,64,12000,4.4718573917634785e-05,30.09560203552246,10.374502658843994
,,,,,,,,,,,,,,01_teacher_student_double_descent_attempt4,14,2,50,relu,3651,64,4096,20,256,2,1.0,none,adam,0.001,0.0,64,12000,0.0011175521649420261,29.860011100769043,10.475562572479248
,,,,,,,,,,,,,,01_teacher_student_double_descent_attempt4,14,2,52,relu,3901,64,4096,20,256,2,1.0,none,adam,0.001,0.0,64,12000,4.141684985370375e-05,31.638084411621094,10.57780909538269
,,,,,,,,,,,,,,01_teacher_student_double_descent_attempt4,14,2,54,relu,4159,64,4096,20,256,2,1.0,none,adam,0.001,0.0,64,12000,3.861453308218188e-07,30.718811988830566,10.593521356582642
,,,,,,,,,,,,,,01_teacher_student_double_descent_attempt4,14,2,56,relu,4425,64,4096,20,256,2,1.0,none,adam,0.001,0.0,64,12000,2.2427117073675618e-05,29.618144989013672,10.716417789459229
,,,,,,,,,,,,,,01_teacher_student_double_descent_attempt4,14,2,58,relu,4699,64,4096,20,256,2,1.0,none,adam,0.001,0.0,64,12000,0.003798685036599636,30.535027503967285,10.671846389770508
,,,,,,,,,,,,,,01_teacher_student_double_descent_attempt4,14,2,60,relu,4981,64,4096,20,256,2,1.0,none,adam,0.001,0.0,64,12000,9.900925942929462e-05,31.491625785827637,10.973430633544922
,,,,,,,,,,,,,,01_teacher_student_double_descent_attempt4,14,2,62,relu,5271,64,4096,20,256,2,1.0,none,adam,0.001,0.0,64,12000,1.2927086068259541e-09,30.62406063079834,10.654919385910034
,,,,,,,,,,,,,,01_teacher_student_double_descent_attempt4,14,2,64,relu,5569,64,4096,20,256,2,1.0,none,adam,0.001,0.0,64,12000,0.004962749779224396,30.855300903320312,10.683157444000244
,,,,,,,,,,,,,,01_teacher_student_double_descent_attempt4,14,2,66,relu,5875,64,4096,20,256,2,1.0,none,adam,0.001,0.0,64,12000,4.956330599270586e-07,30.67831802368164,10.64926528930664
,,,,,,,,,,,,,,01_teacher_student_double_descent_attempt4,14,2,68,relu,6189,64,4096,20,256,2,1.0,none,adam,0.001,0.0,64,12000,4.8880858230404556e-05,30.31824016571045,10.692793130874634
,,,,,,,,,,,,,,01_teacher_student_double_descent_attempt4,14,2,70,relu,6511,64,4096,20,256,2,1.0,none,adam,0.001,0.0,64,12000,0.0035319672897458076,31.289358139038086,10.781296968460083
,,,,,,,,,,,,,,01_teacher_student_double_descent_attempt4,14,2,72,relu,6841,64,4096,20,256,2,1.0,none,adam,0.001,0.0,64,12000,2.0090230918867746e-06,30.37932586669922,10.731788873672485
,,,,,,,,,,,,,,01_teacher_student_double_descent_attempt4,14,2,74,relu,7179,64,4096,20,256,2,1.0,none,adam,0.001,0.0,64,12000,0.0006126583321020007,30.62577533721924,10.845752954483032
,,,,,,,,,,,,,,01_teacher_student_double_descent_attempt4,14,2,76,relu,7525,64,4096,20,256,2,1.0,none,adam,0.001,0.0,64,12000,0.0014550044434145093,29.645950317382812,10.592402219772339
,,,,,,,,,,,,,,01_teacher_student_double_descent_attempt4,14,2,78,relu,7879,64,4096,20,256,2,1.0,none,adam,0.001,0.0,64,12000,0.0002604983455967158,29.546199798583984,10.786133527755737
,,,,,,,,,,,,,,01_teacher_student_double_descent_attempt4,14,2,80,relu,8241,64,4096,20,256,2,1.0,none,adam,0.001,0.0,64,12000,2.375341409788234e-06,29.94980525970459,10.649754047393799
,,,,,,,,,,,,,,01_teacher_student_double_descent_attempt4,14,2,82,relu,8611,64,4096,20,256,2,1.0,none,adam,0.001,0.0,64,12000,0.006580389104783535,29.340988159179688,10.928225994110107
,,,,,,,,,,,,,,01_teacher_student_double_descent_attempt4,14,2,84,relu,8989,64,4096,20,256,2,1.0,none,adam,0.001,0.0,64,12000,0.0013664206489920616,29.47539520263672,10.941651821136475
,,,,,,,,,,,,,,01_teacher_student_double_descent_attempt4,14,2,86,relu,9375,64,4096,20,256,2,1.0,none,adam,0.001,0.0,64,12000,7.754344437671534e-07,30.7446928024292,10.828688621520996
,,,,,,,,,,,,,,01_teacher_student_double_descent_attempt4,14,2,88,relu,9769,64,4096,20,256,2,1.0,none,adam,0.001,0.0,64,12000,0.0001774113334249705,29.844674110412598,10.80330777168274
,,,,,,,,,,,,,,01_teacher_student_double_descent_attempt4,14,2,90,relu,10171,64,4096,20,256,2,1.0,none,adam,0.001,0.0,64,12000,0.00955754704773426,31.80767250061035,10.848378658294678
,,,,,,,,,,,,,,01_teacher_student_double_descent_attempt4,14,2,92,relu,10581,64,4096,20,256,2,1.0,none,adam,0.001,0.0,64,12000,0.006986941676586866,29.870023727416992,10.96785855293274
,,,,,,,,,,,,,,01_teacher_student_double_descent_attempt4,14,2,94,relu,10999,64,4096,20,256,2,1.0,none,adam,0.001,0.0,64,12000,0.002435780595988035,29.700552940368652,11.29306149482727
,,,,,,,,,,,,,,01_teacher_student_double_descent_attempt4,14,2,96,relu,11425,64,4096,20,256,2,1.0,none,adam,0.001,0.0,64,12000,0.00016099751519504935,29.77742290496826,10.789652824401855
,,,,,,,,,,,,,,01_teacher_student_double_descent_attempt4,14,2,98,relu,11859,64,4096,20,256,2,1.0,none,adam,0.001,0.0,64,12000,0.0005887022707611322,29.613083839416504,10.969035387039185
,,,,,,,,,,,,,,01_teacher_student_double_descent_attempt4,14,2,100,relu,12301,64,4096,20,256,2,1.0,none,adam,0.001,0.0,64,12000,6.1685013861279e-06,30.439790725708008,10.940451860427856
,,,,,,,,,,,,,,01_teacher_student_double_descent_attempt4,14,2,102,relu,12751,64,4096,20,256,2,1.0,none,adam,0.001,0.0,64,12000,1.9496628738124855e-06,29.9679536819458,11.062435150146484
,,,,,,,,,,,,,,01_teacher_student_double_descent_attempt4,14,2,104,relu,13209,64,4096,20,256,2,1.0,none,adam,0.001,0.0,64,12000,0.001096809864975512,30.49721050262451,11.183832883834839
,,,,,,,,,,,,,,01_teacher_student_double_descent_attempt4,14,2,106,relu,13675,64,4096,20,256,2,1.0,none,adam,0.001,0.0,64,12000,0.0024678553454577923,30.537535667419434,11.203888416290283
,,,,,,,,,,,,,,01_teacher_student_double_descent_attempt4,14,2,108,relu,14149,64,4096,20,256,2,1.0,none,adam,0.001,0.0,64,12000,0.007729989476501942,30.10493755340576,11.356600761413574
,,,,,,,,,,,,,,01_teacher_student_double_descent_attempt4,14,2,110,relu,14631,64,4096,20,256,2,1.0,none,adam,0.001,0.0,64,12000,0.0014092972269281745,29.470783233642578,11.550436973571777
,,,,,,,,,,,,,,01_teacher_student_double_descent_attempt4,14,2,112,relu,15121,64,4096,20,256,2,1.0,none,adam,0.001,0.0,64,12000,5.981452488867944e-08,29.584657669067383,11.301274061203003
,,,,,,,,,,,,,,01_teacher_student_double_descent_attempt4,14,2,114,relu,15619,64,4096,20,256,2,1.0,none,adam,0.001,0.0,64,12000,1.2586657476276741e-06,29.209516525268555,11.224552154541016
,,,,,,,,,,,,,,01_teacher_student_double_descent_attempt4,14,2,116,relu,16125,64,4096,20,256,2,1.0,none,adam,0.001,0.0,64,12000,8.308372343890369e-05,29.70447540283203,11.22194766998291
,,,,,,,,,,,,,,01_teacher_student_double_descent_attempt4,14,2,118,relu,16639,64,4096,20,256,2,1.0,none,adam,0.001,0.0,64,12000,0.013500100933015347,29.248050689697266,11.190089225769043
,,,,,,,,,,,,,,01_teacher_student_double_descent_attempt4,14,2,120,relu,17161,64,4096,20,256,2,1.0,none,adam,0.001,0.0,64,12000,0.0005113998195156455,29.380114555358887,11.102025747299194
,,,,,,,,,,,,,,01_teacher_student_double_descent_attempt4,14,2,122,relu,17691,64,4096,20,256,2,1.0,none,adam,0.001,0.0,64,12000,0.0016601963434368372,29.5154972076416,11.274558782577515
,,,,,,,,,,,,,,01_teacher_student_double_descent_attempt4,14,2,124,relu,18229,64,4096,20,256,2,1.0,none,adam,0.001,0.0,64,12000,6.763680175936315e-06,28.749486923217773,11.433154106140137
,,,,,,,,,,,,,,01_teacher_student_double_descent_attempt4,14,2,126,relu,18775,64,4096,20,256,2,1.0,none,adam,0.001,0.0,64,12000,8.314155820698943e-06,29.69366455078125,11.868775606155396
,,,,,,,,,,,,,,01_teacher_student_double_descent_attempt4,14,2,128,relu,19329,64,4096,20,256,2,1.0,none,adam,0.001,0.0,64,12000,4.260759669705294e-05,29.48689365386963,11.264324426651001
,,,,,,,,,,,,,,01_teacher_student_double_descent_attempt4,14,2,160,relu,29281,64,4096,20,256,2,1.0,none,adam,0.001,0.0,64,12000,8.29629698273493e-07,29.28203296661377,11.686675071716309
,,,,,,,,,,,,,,01_teacher_student_double_descent_attempt4,14,2,192,relu,41281,64,4096,20,256,2,1.0,none,adam,0.001,0.0,64,12000,7.304265454877168e-05,29.51340961456299,12.259035348892212
,,,,,,,,,,,,,,01_teacher_student_double_descent_attempt4,14,2,256,relu,71425,64,4096,20,256,2,1.0,none,adam,0.001,0.0,64,12000,8.80489992027833e-09,29.438955307006836,13.239541292190552
,,,,,,,,,,,,,,01_teacher_student_double_descent_attempt4,14,2,384,relu,156289,64,4096,20,256,2,1.0,none,adam,0.001,0.0,64,12000,0.009435059502720833,29.22821044921875,15.624288082122803
,,,,,,,,,,,,,,01_teacher_student_double_descent_attempt4,14,2,512,relu,273921,64,4096,20,256,2,1.0,none,adam,0.001,0.0,64,12000,4.561451563689367e-11,30.021090507507324,20.896486282348633
,,,,,,,,,,,,,,01_teacher_student_double_descent_attempt4,14,2,768,relu,607489,64,4096,20,256,2,1.0,none,adam,0.001,0.0,64,12000,0.023713471367955208,29.543450355529785,43.518686294555664
,,,,,,,,,,,,,,01_teacher_student_double_descent_attempt4,14,2,1024,relu,1072129,64,4096,20,256,2,1.0,none,adam,0.001,0.0,64,12000,0.0001084609393728897,28.809717178344727,81.99263548851013
,,,,,,,,,,,,,,01_teacher_student_double_descent_attempt5,14,128,0.4,2,4,relu,sgd,0.005,0.0001,32,15000,109,0.053956300020217896,1.5554929375648499,9.705230951309204
,,,,,,,,,,,,,,01_teacher_student_double_descent_attempt5,14,128,0.4,2,8,relu,sgd,0.005,0.0001,32,15000,249,2.1158443814783823e-06,1.2035261392593384,9.421992778778076
,,,,,,,,,,,,,,01_teacher_student_double_descent_attempt5,14,128,0.4,2,12,relu,sgd,0.005,0.0001,32,15000,421,6.928319749022194e-07,1.0859404802322388,9.458523750305176
,,,,,,,,,,,,,,01_teacher_student_double_descent_attempt5,14,128,0.4,2,16,relu,sgd,0.005,0.0001,32,15000,625,6.511917263196665e-07,1.0625507831573486,9.392880916595459
,,,,,,,,,,,,,,01_teacher_student_double_descent_attempt5,14,128,0.4,2,20,relu,sgd,0.005,0.0001,32,15000,861,3.0778801374253817e-07,0.8349424600601196,9.467787504196167
,,,,,,,,,,,,,,01_teacher_student_double_descent_attempt5,14,128,0.4,2,24,relu,sgd,0.005,0.0001,32,15000,1129,2.0065613171027508e-07,0.8748279809951782,9.53307843208313
,,,,,,,,,,,,,,01_teacher_student_double_descent_attempt5,14,128,0.4,2,28,relu,sgd,0.005,0.0001,32,15000,1429,3.0652881832793355e-07,0.8250553011894226,9.490559339523315
,,,,,,,,,,,,,,01_teacher_student_double_descent_attempt5,14,128,0.4,2,32,relu,sgd,0.005,0.0001,32,15000,1761,2.1485959678102518e-07,0.7611961662769318,9.469444036483765
,,,,,,,,,,,,,,01_teacher_student_double_descent_attempt5,14,128,0.4,2,36,relu,sgd,0.005,0.0001,32,15000,2125,1.7642781813265174e-07,0.7815324068069458,9.627685308456421
,,,,,,,,,,,,,,01_teacher_student_double_descent_attempt5,14,128,0.4,2,40,relu,sgd,0.005,0.0001,32,15000,2521,1.673915335231868e-07,0.7546414136886597,9.76131272315979
,,,,,,,,,,,,,,01_teacher_student_double_descent_attempt5,14,128,0.4,2,44,relu,sgd,0.005,0.0001,32,15000,2949,1.7065373469904443e-07,0.7647469937801361,9.634601831436157
,,,,,,,,,,,,,,01_teacher_student_double_descent_attempt5,14,128,0.4,2,48,relu,sgd,0.005,0.0001,32,15000,3409,1.5230527594667365e-07,0.7473776042461395,9.845070600509644
,,,,,,,,,,,,,,01_teacher_student_double_descent_attempt5,14,128,0.4,2,52,relu,sgd,0.005,0.0001,32,15000,3901,2.0069147410595178e-07,0.7315162420272827,10.102909326553345
,,,,,,,,,,,,,,01_teacher_student_double_descent_attempt5,14,128,0.4,2,56,relu,sgd,0.005,0.0001,32,15000,4425,1.6446333006570057e-07,0.7249966561794281,9.69587254524231
,,,,,,,,,,,,,,01_teacher_student_double_descent_attempt5,14,128,0.4,2,60,relu,sgd,0.005,0.0001,32,15000,4981,1.8945402757708507e-07,0.7093047499656677,9.7693510055542
,,,,,,,,,,,,,,01_teacher_student_double_descent_attempt5,14,128,0.4,2,64,relu,sgd,0.005,0.0001,32,15000,5569,1.8773933163629408e-07,0.7323570847511292,9.70234990119934
,,,,,,,,,,,,,,01_teacher_student_double_descent_attempt5,14,128,0.4,2,68,relu,sgd,0.005,0.0001,32,15000,6189,1.5041260326142947e-07,0.6927286684513092,9.80252480506897
,,,,,,,,,,,,,,01_teacher_student_double_descent_attempt5,14,128,0.4,2,72,relu,sgd,0.005,0.0001,32,15000,6841,1.4157404848447186e-07,0.6865707337856293,9.783093214035034
,,,,,,,,,,,,,,01_teacher_student_double_descent_attempt5,14,128,0.4,2,76,relu,sgd,0.005,0.0001,32,15000,7525,1.343185402902236e-07,0.69841668009758,9.812586545944214
,,,,,,,,,,,,,,01_teacher_student_double_descent_attempt5,14,128,0.4,2,80,relu,sgd,0.005,0.0001,32,15000,8241,1.4032795547791466e-07,0.692329078912735,9.785509586334229
,,,,,,,,,,,,,,01_teacher_student_double_descent_attempt5,14,128,0.4,2,84,relu,sgd,0.005,0.0001,32,15000,8989,1.616410116866973e-07,0.6797865629196167,9.891031980514526
,,,,,,,,,,,,,,01_teacher_student_double_descent_attempt5,14,128,0.4,2,88,relu,sgd,0.005,0.0001,32,15000,9769,1.5587377788506274e-07,0.6860750317573547,9.923083543777466
,,,,,,,,,,,,,,01_teacher_student_double_descent_attempt5,14,128,0.4,2,92,relu,sgd,0.005,0.0001,32,15000,10581,1.2502546553605498e-07,0.6731410920619965,9.94348692893982
,,,,,,,,,,,,,,01_teacher_student_double_descent_attempt5,14,128,0.4,2,96,relu,sgd,0.005,0.0001,32,15000,11425,1.5139055165036552e-07,0.6479348838329315,9.92431092262268
,,,,,,,,,,,,,,01_teacher_student_double_descent_attempt5,14,128,0.4,2,100,relu,sgd,0.005,0.0001,32,15000,12301,1.481797653468675e-07,0.6623235046863556,10.06526780128479
,,,,,,,,,,,,,,01_teacher_student_double_descent_attempt5,14,128,0.4,2,104,relu,sgd,0.005,0.0001,32,15000,13209,1.278938270843355e-07,0.6412921845912933,10.051446437835693
,,,,,,,,,,,,,,01_teacher_student_double_descent_attempt5,14,128,0.4,2,108,relu,sgd,0.005,0.0001,32,15000,14149,1.4962252237182838e-07,0.6501858532428741,10.090969324111938
,,,,,,,,,,,,,,01_teacher_student_double_descent_attempt5,14,128,0.4,2,112,relu,sgd,0.005,0.0001,32,15000,15121,1.274089527214528e-07,0.6429711282253265,10.129562139511108
,,,,,,,,,,,,,,01_teacher_student_double_descent_attempt5,14,128,0.4,2,116,relu,sgd,0.005,0.0001,32,15000,16125,1.5002984810053022e-07,0.6263613700866699,10.043593883514404
,,,,,,,,,,,,,,01_teacher_student_double_descent_attempt5,14,128,0.4,2,120,relu,sgd,0.005,0.0001,32,15000,17161,1.478659612530464e-07,0.6243923008441925,10.154073715209961
,,,,,,,,,,,,,,01_teacher_student_double_descent_attempt5,14,128,0.4,2,124,relu,sgd,0.005,0.0001,32,15000,18229,1.3415946398254164e-07,0.6263962388038635,10.652445554733276
,,,,,,,,,,,,,,01_teacher_student_double_descent_attempt5,14,128,0.4,2,128,relu,sgd,0.005,0.0001,32,15000,19329,1.5311938739159814e-07,0.6494217216968536,10.44091510772705
,,,,,,,,,,,,,,01_teacher_student_double_descent_attempt5,14,128,0.4,2,160,relu,sgd,0.005,0.0001,32,15000,29281,1.174182528984602e-07,0.6098032593727112,10.561944007873535
,,,,,,,,,,,,,,01_teacher_student_double_descent_attempt5,14,128,0.4,2,192,relu,sgd,0.005,0.0001,32,15000,41281,1.1710831415712164e-07,0.604519784450531,10.92673134803772
,,,,,,,,,,,,,,01_teacher_student_double_descent_attempt5,14,128,0.4,2,256,relu,sgd,0.005,0.0001,32,15000,71425,1.2124273496283422e-07,0.5946041643619537,11.672804832458496
,,,,,,,,,,,,,,01_teacher_student_double_descent_attempt5,14,128,0.4,2,384,relu,sgd,0.005,0.0001,32,15000,156289,9.452165272705315e-08,0.5762646198272705,13.208678483963013
,,,,,,,,,,,,,,01_teacher_student_double_descent_attempt5,14,128,0.4,2,512,relu,sgd,0.005,0.0001,32,15000,273921,8.901884029910434e-08,0.5685509145259857,16.045193910598755
,,,,,,,,,,,,,,01_teacher_student_double_descent_attempt5,14,128,0.4,2,768,relu,sgd,0.005,0.0001,32,15000,607489,6.371819694095393e-08,0.5429924130439758,26.66727566719055
,,,,,,,,,,,,,,01_teacher_student_double_descent_attempt6_dual_test,14,128,4096,20,256,2,0.8,train_mean_std,4,8,relu,adam,0.001,0.0,64,30000,393,1.4115964404481929e-05,1.2507314682006836,1.2651903629302979,42.37727737426758
,,,,,,,,,,,,,,01_teacher_student_double_descent_attempt6_dual_test,14,128,4096,20,256,2,0.8,train_mean_std,4,16,relu,adam,0.001,0.0,64,30000,1169,1.5461235136626783e-07,0.7100780308246613,0.7219445407390594,42.42139792442322
,,,,,,,,,,,,,,01_teacher_student_double_descent_attempt6_dual_test,14,128,4096,20,256,2,0.8,train_mean_std,4,24,relu,adam,0.001,0.0,64,30000,2329,3.80804436872495e-07,0.6057948470115662,0.6179033815860748,35.9405415058136
,,,,,,,,,,,,,,01_teacher_student_double_descent_attempt6_dual_test,14,128,4096,20,256,2,0.8,train_mean_std,4,32,relu,adam,0.001,0.0,64,30000,3873,1.0076970369254923e-07,0.626913994550705,0.6412837207317352,36.052616357803345
,,,,,,,,,,,,,,01_teacher_student_double_descent_attempt6_dual_test,14,128,4096,20,256,2,0.8,train_mean_std,4,40,relu,adam,0.001,0.0,64,30000,5801,6.401230621122522e-06,0.6278903484344482,0.6417286694049835,37.52441716194153
,,,,,,,,,,,,,,01_teacher_student_double_descent_attempt6_dual_test,14,128,4096,20,256,2,0.8,train_mean_std,4,48,relu,adam,0.001,0.0,64,30000,8113,3.6449609979172237e-06,0.5892991423606873,0.6022672355175018,37.34997606277466
,,,,,,,,,,,,,,01_teacher_student_double_descent_attempt6_dual_test,14,128,4096,20,256,2,0.8,train_mean_std,4,56,relu,adam,0.001,0.0,64,30000,10809,3.489766186248744e-06,0.6091115772724152,0.6218950152397156,38.17982363700867
,,,,,,,,,,,,,,01_teacher_student_double_descent_attempt6_dual_test,14,128,4096,20,256,2,0.8,train_mean_std,4,64,relu,adam,0.001,0.0,64,30000,13889,0.000649322522804141,0.5652067065238953,0.5787427127361298,38.35086250305176
,,,,,,,,,,,,,,01_teacher_student_double_descent_attempt6_dual_test,14,128,4096,20,256,2,0.8,train_mean_std,4,72,relu,adam,0.001,0.0,64,30000,17353,8.086479647317901e-05,0.558371365070343,0.5715700089931488,40.15370225906372
,,,,,,,,,,,,,,01_teacher_student_double_descent_attempt6_dual_test,14,128,4096,20,256,2,0.8,train_mean_std,4,80,relu,adam,0.001,0.0,64,30000,21201,2.3704271825408796e-06,0.5583811104297638,0.5714544653892517,39.413376569747925
,,,,,,,,,,,,,,01_teacher_student_double_descent_attempt6_dual_test,14,128,4096,20,256,2,0.8,train_mean_std,4,88,relu,adam,0.001,0.0,64,30000,25433,2.130828079316416e-06,0.5684506595134735,0.5811426043510437,39.99062442779541
,,,,,,,,,,,,,,01_teacher_student_double_descent_attempt6_dual_test,14,128,4096,20,256,2,0.8,train_mean_std,4,96,relu,adam,0.001,0.0,64,30000,30049,2.3116826923796907e-06,0.5668065547943115,0.5802713930606842,40.15699124336243
,,,,,,,,,,,,,,01_teacher_student_double_descent_attempt6_dual_test,14,128,4096,20,256,2,0.8,train_mean_std,4,104,relu,adam,0.001,0.0,64,30000,35049,3.203729548317824e-08,0.5434277057647705,0.5579504668712616,50.210548400878906
,,,,,,,,,,,,,,01_teacher_student_double_descent_attempt6_dual_test,14,128,4096,20,256,2,0.8,train_mean_std,4,112,relu,adam,0.001,0.0,64,30000,40433,2.3771207224854152e-07,0.5635528266429901,0.5783081352710724,47.6640088558197
,,,,,,,,,,,,,,01_teacher_student_double_descent_attempt6_dual_test,14,128,4096,20,256,2,0.8,train_mean_std,4,120,relu,adam,0.001,0.0,64,30000,46201,1.024287939799251e-05,0.5606389343738556,0.5745315849781036,42.061808347702026
,,,,,,,,,,,,,,01_teacher_student_double_descent_attempt6_dual_test,14,128,4096,20,256,2,0.8,train_mean_std,4,128,relu,adam,0.001,0.0,64,30000,52353,1.3999997463542968e-05,0.5577790141105652,0.5710695385932922,42.509970903396606
,,,,,,,,,,,,,,01_teacher_student_double_descent_attempt6_dual_test,14,128,4096,20,256,2,0.8,train_mean_std,4,160,relu,adam,0.001,0.0,64,30000,80801,1.2072507615812356e-06,0.5696303248405457,0.5825726985931396,56.00997567176819
,,,,,,,,,,,,,,01_teacher_student_double_descent_attempt6_dual_test,14,128,4096,20,256,2,0.8,train_mean_std,2,8,relu,adam,0.001,0.0,64,30000,249,1.912437426199176e-07,1.1124757528305054,1.1255969405174255,25.637438535690308
,,,,,,,,,,,,,,01_teacher_student_double_descent_attempt6_dual_test,14,128,4096,20,256,2,0.8,train_mean_std,2,16,relu,adam,0.001,0.0,64,30000,625,3.264524934820656e-07,0.7471878230571747,0.7615174651145935,25.34740400314331
,,,,,,,,,,,,,,01_teacher_student_double_descent_attempt6_dual_test,14,128,4096,20,256,2,0.8,train_mean_std,2,24,relu,adam,0.001,0.0,64,30000,1129,4.1022167351911776e-07,0.7493642866611481,0.7627676725387573,25.628682613372803
,,,,,,,,,,,,,,01_teacher_student_double_descent_attempt6_dual_test,14,128,4096,20,256,2,0.8,train_mean_std,2,32,relu,adam,0.001,0.0,64,30000,1761,5.0281423682463355e-06,0.6727748811244965,0.6869434714317322,25.601909399032593
,,,,,,,,,,,,,,01_teacher_student_double_descent_attempt6_dual_test,14,128,4096,20,256,2,0.8,train_mean_std,2,40,relu,adam,0.001,0.0,64,30000,2521,1.5326686479966156e-05,0.6525761187076569,0.6658875644207001,25.918425798416138
,,,,,,,,,,,,,,01_teacher_student_double_descent_attempt6_dual_test,14,128,4096,20,256,2,0.8,train_mean_std,2,48,relu,adam,0.001,0.0,64,30000,3409,5.103960987185019e-08,0.6282523572444916,0.6418535113334656,26.23078489303589
,,,,,,,,,,,,,,01_teacher_student_double_descent_attempt6_dual_test,14,128,4096,20,256,2,0.8,train_mean_std,2,56,relu,adam,0.001,0.0,64,30000,4425,2.0219435015178533e-09,0.6110214591026306,0.6240844428539276,26.95588779449463
,,,,,,,,,,,,,,01_teacher_student_double_descent_attempt6_dual_test,14,128,4096,20,256,2,0.8,train_mean_std,2,64,relu,adam,0.001,0.0,64,30000,5569,0.00043981484486721456,0.6018402278423309,0.6149320900440216,26.572446823120117
,,,,,,,,,,,,,,01_teacher_student_double_descent_attempt6_dual_test,14,128,4096,20,256,2,0.8,train_mean_std,2,72,relu,adam,0.001,0.0,64,30000,6841,1.8319137495836912e-07,0.5894535779953003,0.6028791964054108,26.85097360610962
,,,,,,,,,,,,,,01_teacher_student_double_descent_attempt6_dual_test,14,128,4096,20,256,2,0.8,train_mean_std,2,80,relu,adam,0.001,0.0,64,30000,8241,9.881531877908856e-05,0.5978001654148102,0.6123278737068176,26.741948127746582
,,,,,,,,,,,,,,01_teacher_student_double_descent_attempt6_dual_test,14,128,4096,20,256,2,0.8,train_mean_std,2,88,relu,adam,0.001,0.0,64,30000,9769,4.3741700039845455e-08,0.5980730354785919,0.6121847033500671,27.100623607635498
,,,,,,,,,,,,,,01_teacher_student_double_descent_attempt6_dual_test,14,128,4096,20,256,2,0.8,train_mean_std,2,96,relu,adam,0.001,0.0,64,30000,11425,0.00012762872211169451,0.5771273970603943,0.5905725061893463,27.031638860702515
,,,,,,,,,,,,,,01_teacher_student_double_descent_attempt6_dual_test,14,128,4096,20,256,2,0.8,train_mean_std,2,104,relu,adam,0.001,0.0,64,30000,13209,0.00011073874338762835,0.5997580587863922,0.6144789457321167,27.126858234405518
,,,,,,,,,,,,,,01_teacher_student_double_descent_attempt6_dual_test,14,128,4096,20,256,2,0.8,train_mean_std,2,112,relu,adam,0.001,0.0,64,30000,15121,8.267206474954492e-09,0.6003512144088745,0.6150121688842773,27.372857332229614
,,,,,,,,,,,,,,01_teacher_student_double_descent_attempt6_dual_test,14,128,4096,20,256,2,0.8,train_mean_std,2,120,relu,adam,0.001,0.0,64,30000,17161,7.226219167932868e-06,0.5648043155670166,0.5786481201648712,27.37517786026001
,,,,,,,,,,,,,,01_teacher_student_double_descent_attempt6_dual_test,14,128,4096,20,256,2,0.8,train_mean_std,2,128,relu,adam,0.001,0.0,64,30000,19329,0.00012632727157324553,0.5778798460960388,0.591738224029541,27.655275583267212
,,,,,,,,,,,,,,01_teacher_student_double_descent_attempt6_dual_test,14,128,4096,20,256,2,0.8,train_mean_std,2,160,relu,adam,0.001,0.0,64,30000,29281,2.9220556825748645e-05,0.5597698390483856,0.5728412568569183,28.67080855369568
,,,,,,,,,,,,,,01_teacher_student_double_descent_attempt6_dual_test,14,128,4096,20,256,2,0.8,train_mean_std,2,192,relu,adam,0.001,0.0,64,30000,41281,0.00010954774916172028,0.5636246204376221,0.5776939988136292,29.647168159484863
,,,,,,,,,,,,,,01_teacher_student_double_descent_attempt6_dual_test,14,128,4096,20,256,2,0.8,train_mean_std,2,224,relu,adam,0.001,0.0,64,30000,55329,2.090249154207413e-06,0.5602187812328339,0.5738624930381775,30.77259063720703
,,,,,,,,,,,,,,01_teacher_student_double_descent_attempt6_dual_test,14,128,4096,20,256,2,0.8,train_mean_std,2,256,relu,adam,0.001,0.0,64,30000,71425,0.00018889828061219305,0.5448424220085144,0.5575992465019226,32.527122020721436
,,,,,,,,,,,,,,01_teacher_student_double_descent_attempt6_dual_test,14,128,4096,20,256,2,0.8,train_mean_std,2,320,relu,adam,0.001,0.0,64,30000,109761,0.0005290029803290963,0.5391039848327637,0.5529201030731201,34.241666316986084
,,,,,,,,,,,,,,01_teacher_student_double_descent_attempt6_dual_test,14,128,4096,20,256,2,0.8,train_mean_std,2,384,relu,adam,0.001,0.0,64,30000,156289,3.715299317263998e-05,0.5455507040023804,0.5589491426944733,37.68986701965332
,,,,,,,,,,,,,,01_teacher_student_double_descent_attempt6_dual_test,14,128,4096,20,256,2,0.8,train_mean_std,2,512,relu,adam,0.001,0.0,64,30000,273921,0.0004838986787945032,0.5331345498561859,0.5470624268054962,47.04048562049866
,,,,,,,,,,,,,,01_teacher_student_double_descent_attempt6_dual_test,14,128,4096,20,256,2,0.8,train_mean_std,2,768,relu,adam,0.001,0.0,64,30000,607489,0.00016097878688015044,0.5252361595630646,0.5389115810394287,112.34261131286621
,,,,,,,,,,,,,,01_teacher_student_double_descent_attempt6a_fullbatch_earlystop,14,128,0.8,2,8,relu,sgd_fullbatch_momentum,0.05,0.0,128,2000,249,4.020794253101201e-10,1.373672366142273,1.3863547444343567,1.3477919101715088
,,,,,,,,,,,,,,01_teacher_student_double_descent_attempt6a_fullbatch_earlystop,14,128,0.8,2,16,relu,sgd_fullbatch_momentum,0.05,0.0,128,2000,625,1.3418357137223724e-14,0.8682690560817719,0.8812100291252136,1.6469619274139404
,,,,,,,,,,,,,,01_teacher_student_double_descent_attempt6a_fullbatch_earlystop,14,128,0.8,2,24,relu,sgd_fullbatch_momentum,0.05,0.0,128,2000,1129,6.893194782336964e-15,0.8729336559772491,0.8863006830215454,1.4598381519317627
,,,,,,,,,,,,,,01_teacher_student_double_descent_attempt6a_fullbatch_earlystop,14,128,0.8,2,32,relu,sgd_fullbatch_momentum,0.05,0.0,128,2000,1761,6.52630076716787e-15,0.7721315920352936,0.7880506217479706,1.4011142253875732
,,,,,,,,,,,,,,01_teacher_student_double_descent_attempt6a_fullbatch_earlystop,14,128,0.8,2,40,relu,sgd_fullbatch_momentum,0.05,0.0,128,2000,2521,7.470424018968247e-15,0.7678511738777161,0.781471848487854,1.3147647380828857
,,,,,,,,,,,,,,01_teacher_student_double_descent_attempt6a_fullbatch_earlystop,14,128,0.8,2,48,relu,sgd_fullbatch_momentum,0.05,0.0,128,2000,3409,5.0360106709779195e-15,0.7194813191890717,0.7328372895717621,1.3411431312561035
,,,,,,,,,,,,,,01_teacher_student_double_descent_attempt6a_fullbatch_earlystop,14,128,0.8,2,56,relu,sgd_fullbatch_momentum,0.05,0.0,128,2000,4425,5.805523162899506e-15,0.7237240374088287,0.7359994053840637,1.3560562133789062
,,,,,,,,,,,,,,01_teacher_student_double_descent_attempt6a_fullbatch_earlystop,14,128,0.8,2,64,relu,sgd_fullbatch_momentum,0.05,0.0,128,2000,5569,4.4399705266540135e-15,0.7231177091598511,0.7364902198314667,1.351750373840332
,,,,,,,,,,,,,,01_teacher_student_double_descent_attempt6a_fullbatch_earlystop,14,128,0.8,2,72,relu,sgd_fullbatch_momentum,0.05,0.0,128,2000,6841,2.681719863534271e-15,0.6881536245346069,0.702560544013977,1.3798975944519043
,,,,,,,,,,,,,,01_teacher_student_double_descent_attempt6a_fullbatch_earlystop,14,128,0.8,2,80,relu,sgd_fullbatch_momentum,0.05,0.0,128,2000,8241,4.913007934509439e-15,0.6984670758247375,0.7128033936023712,1.4640870094299316
,,,,,,,,,,,,,,01_teacher_student_double_descent_attempt6a_fullbatch_earlystop,14,128,0.8,2,88,relu,sgd_fullbatch_momentum,0.05,0.0,128,2000,9769,3.782835589910549e-15,0.6809674799442291,0.6945057213306427,1.4035875797271729
,,,,,,,,,,,,,,01_teacher_student_double_descent_attempt6a_fullbatch_earlystop,14,128,0.8,2,96,relu,sgd_fullbatch_momentum,0.05,0.0,128,2000,11425,2.243051664546636e-15,0.6504658460617065,0.6642563343048096,1.3896253108978271
,,,,,,,,,,,,,,01_teacher_student_double_descent_attempt6a_fullbatch_earlystop,14,128,0.8,2,104,relu,sgd_fullbatch_momentum,0.05,0.0,128,2000,13209,3.556345756078327e-15,0.644448846578598,0.659602165222168,1.4399678707122803
,,,,,,,,,,,,,,01_teacher_student_double_descent_attempt6a_fullbatch_earlystop,14,128,0.8,2,112,relu,sgd_fullbatch_momentum,0.05,0.0,128,2000,15121,4.5591243454101704e-15,0.6584738194942474,0.6737227141857147,1.420145034790039
,,,,,,,,,,,,,,01_teacher_student_double_descent_attempt6a_fullbatch_earlystop,14,128,0.8,2,120,relu,sgd_fullbatch_momentum,0.05,0.0,128,2000,17161,2.8890193189134994e-15,0.6414239704608917,0.6556397080421448,1.4222967624664307
,,,,,,,,,,,,,,01_teacher_student_double_descent_attempt6a_fullbatch_earlystop,14,128,0.8,2,128,relu,sgd_fullbatch_momentum,0.05,0.0,128,2000,19329,4.057355579983879e-15,0.6598243415355682,0.6748022735118866,1.516448974609375
,,,,,,,,,,,,,,01_teacher_student_double_descent_attempt6a_fullbatch_earlystop,14,128,0.8,2,160,relu,sgd_fullbatch_momentum,0.05,0.0,128,2000,29281,2.8441875590812238e-15,0.6211642026901245,0.6351167559623718,1.6026692390441895
,,,,,,,,,,,,,,01_teacher_student_double_descent_attempt6a_fullbatch_earlystop,14,128,0.8,2,192,relu,sgd_fullbatch_momentum,0.05,0.0,128,2000,41281,2.039221656119361e-15,0.6139140427112579,0.6279700100421906,1.7099299430847168
,,,,,,,,,,,,,,01_teacher_student_double_descent_attempt6a_fullbatch_earlystop,14,128,0.8,2,256,relu,sgd_fullbatch_momentum,0.05,0.0,128,2000,71425,2.3663254515582377e-15,0.6086699068546295,0.6220391392707825,1.8435328006744385
,,,,,,,,,,,,,,01_teacher_student_double_descent_attempt6a_fullbatch_earlystop,14,128,0.8,2,384,relu,sgd_fullbatch_momentum,0.05,0.0,128,2000,156289,1.8039497846900066e-15,0.5907335877418518,0.604396641254425,2.468731641769409
,,,,,,,,,,,,,,01_teacher_student_double_descent_attempt6a_fullbatch_earlystop,14,128,0.8,2,512,relu,sgd_fullbatch_momentum,0.05,0.0,128,2000,273921,2.362856004606284e-15,0.5882865786552429,0.6015198230743408,3.299888849258423
,,,,,,,,,,,,,,01_teacher_student_double_descent_attempt6a_fullbatch_earlystop,14,128,0.8,2,768,relu,sgd_fullbatch_momentum,0.05,0.0,128,2000,607489,1.0380693700462462e-15,0.5465974509716034,0.559650331735611,6.218992233276367
,,,,,,,,,,,,,,01_attempt7_frozen_mlp_readout_sgd,14,256,4096,50,0.5,2layer_relu_frozen_first,10,sgd,0.05,0.9,0.0,20000,510,10,0.8465753793716431,0.7762875258922577,7.13201379776001
,,,,,,,,,,,,,,01_attempt7_frozen_mlp_readout_sgd,14,256,4096,50,0.5,2layer_relu_frozen_first,20,sgd,0.05,0.9,0.0,20000,1020,20,0.8505512475967407,0.8100321590900421,6.99349570274353
,,,,,,,,,,,,,,01_attempt7_frozen_mlp_readout_sgd,14,256,4096,50,0.5,2layer_relu_frozen_first,30,sgd,0.05,0.9,0.0,20000,1530,30,0.607332170009613,0.6335942447185516,6.928237438201904
,,,,,,,,,,,,,,01_attempt7_frozen_mlp_readout_sgd,14,256,4096,50,0.5,2layer_relu_frozen_first,40,sgd,0.05,0.9,0.0,20000,2040,40,0.5293510556221008,0.5559980571269989,7.035284996032715
,,,,,,,,,,,,,,01_attempt7_frozen_mlp_readout_sgd,14,256,4096,50,0.5,2layer_relu_frozen_first,50,sgd,0.05,0.9,0.0,20000,2550,50,0.4625302255153656,0.3928173780441284,6.9434990882873535
,,,,,,,,,,,,,,01_attempt7_frozen_mlp_readout_sgd,14,256,4096,50,0.5,2layer_relu_frozen_first,60,sgd,0.05,0.9,0.0,20000,3060,60,0.4004438519477844,0.5441974699497223,7.397193431854248
,,,,,,,,,,,,,,01_attempt7_frozen_mlp_readout_sgd,14,256,4096,50,0.5,2layer_relu_frozen_first,70,sgd,0.05,0.9,0.0,20000,3570,70,0.4492330551147461,0.5769323408603668,7.670584440231323
,,,,,,,,,,,,,,01_attempt7_frozen_mlp_readout_sgd,14,256,4096,50,0.5,2layer_relu_frozen_first,80,sgd,0.05,0.9,0.0,20000,4080,80,0.30757567286491394,0.452126145362854,7.726986646652222
,,,,,,,,,,,,,,01_attempt7_frozen_mlp_readout_sgd,14,256,4096,50,0.5,2layer_relu_frozen_first,90,sgd,0.05,0.9,0.0,20000,4590,90,0.2613708972930908,0.4216401278972626,7.893856048583984
,,,,,,,,,,,,,,01_attempt7_frozen_mlp_readout_sgd,14,256,4096,50,0.5,2layer_relu_frozen_first,100,sgd,0.05,0.9,0.0,20000,5100,100,0.22557300329208374,0.4335289001464844,7.785407066345215
,,,,,,,,,,,,,,01_attempt7_frozen_mlp_readout_sgd,14,256,4096,50,0.5,2layer_relu_frozen_first,110,sgd,0.05,0.9,0.0,20000,5610,110,0.2677348554134369,0.4939115047454834,7.580188989639282
,,,,,,,,,,,,,,01_attempt7_frozen_mlp_readout_sgd,14,256,4096,50,0.5,2layer_relu_frozen_first,120,sgd,0.05,0.9,0.0,20000,6120,120,0.1717260777950287,0.49356256425380707,7.279869794845581
,,,,,,,,,,,,,,01_attempt7_frozen_mlp_readout_sgd,14,256,4096,50,0.5,2layer_relu_frozen_first,130,sgd,0.05,0.9,0.0,20000,6630,130,0.1477760225534439,0.41227881610393524,7.3843677043914795
,,,,,,,,,,,,,,01_attempt7_frozen_mlp_readout_sgd,14,256,4096,50,0.5,2layer_relu_frozen_first,140,sgd,0.05,0.9,0.0,20000,7140,140,0.1787567287683487,0.5760288238525391,7.576849460601807
,,,,,,,,,,,,,,01_attempt7_frozen_mlp_readout_sgd,14,256,4096,50,0.5,2layer_relu_frozen_first,150,sgd,0.05,0.9,0.0,20000,7650,150,0.15549664199352264,0.5013781487941742,7.40893816947937
,,,,,,,,,,,,,,01_attempt7_frozen_mlp_readout_sgd,14,256,4096,50,0.5,2layer_relu_frozen_first,160,sgd,0.05,0.9,0.0,20000,8160,160,0.12586715817451477,0.6324811577796936,7.3756630420684814
,,,,,,,,,,,,,,01_attempt7_frozen_mlp_readout_sgd,14,256,4096,50,0.5,2layer_relu_frozen_first,170,sgd,0.05,0.9,0.0,20000,8670,170,0.13569319248199463,0.7033501863479614,7.4782586097717285
,,,,,,,,,,,,,,01_attempt7_frozen_mlp_readout_sgd,14,256,4096,50,0.5,2layer_relu_frozen_first,180,sgd,0.05,0.9,0.0,20000,9180,180,0.07853008806705475,0.9388161897659302,7.514271259307861
,,,,,,,,,,,,,,01_attempt7_frozen_mlp_readout_sgd,14,256,4096,50,0.5,2layer_relu_frozen_first,190,sgd,0.05,0.9,0.0,20000,9690,190,0.07693357020616531,1.2689561247825623,7.613041400909424
,,,,,,,,,,,,,,01_attempt7_frozen_mlp_readout_sgd,14,256,4096,50,0.5,2layer_relu_frozen_first,200,sgd,0.05,0.9,0.0,20000,10200,200,0.07687652111053467,0.8265367150306702,7.626551866531372
,,,,,,,,,,,,,,01_attempt7_frozen_mlp_readout_sgd,14,256,4096,50,0.5,2layer_relu_frozen_first,210,sgd,0.05,0.9,0.0,20000,10710,210,0.05411727726459503,1.064307451248169,7.683426856994629
,,,,,,,,,,,,,,01_attempt7_frozen_mlp_readout_sgd,14,256,4096,50,0.5,2layer_relu_frozen_first,220,sgd,0.05,0.9,0.0,20000,11220,220,0.04778670147061348,1.6675356030464172,7.950558185577393
,,,,,,,,,,,,,,01_attempt7_frozen_mlp_readout_sgd,14,256,4096,50,0.5,2layer_relu_frozen_first,230,sgd,0.05,0.9,0.0,20000,11730,230,0.02909397892653942,3.381028890609741,8.640543699264526
,,,,,,,,,,,,,,01_attempt7_frozen_mlp_readout_sgd,14,256,4096,50,0.5,2layer_relu_frozen_first,240,sgd,0.05,0.9,0.0,20000,12240,240,nan,nan,8.180161476135254
,,,,,,,,,,,,,,01_attempt7_frozen_mlp_readout_sgd,14,256,4096,50,0.5,2layer_relu_frozen_first,250,sgd,0.05,0.9,0.0,20000,12750,250,nan,nan,8.087591886520386
,,,,,,,,,,,,,,01_attempt7_frozen_mlp_readout_sgd,14,256,4096,50,0.5,2layer_relu_frozen_first,260,sgd,0.05,0.9,0.0,20000,13260,260,nan,nan,8.280879020690918
,,,,,,,,,,,,,,01_attempt7_frozen_mlp_readout_sgd,14,256,4096,50,0.5,2layer_relu_frozen_first,270,sgd,0.05,0.9,0.0,20000,13770,270,nan,nan,8.017927646636963
,,,,,,,,,,,,,,01_attempt7_frozen_mlp_readout_sgd,14,256,4096,50,0.5,2layer_relu_frozen_first,280,sgd,0.05,0.9,0.0,20000,14280,280,nan,nan,7.852308034896851
,,,,,,,,,,,,,,01_attempt7_frozen_mlp_readout_sgd,14,256,4096,50,0.5,2layer_relu_frozen_first,290,sgd,0.05,0.9,0.0,20000,14790,290,nan,nan,7.969970464706421
,,,,,,,,,,,,,,01_attempt7_frozen_mlp_readout_sgd,14,256,4096,50,0.5,2layer_relu_frozen_first,300,sgd,0.05,0.9,0.0,20000,15300,300,nan,nan,8.162890434265137
,,,,,,,,,,,,,,01_attempt7_frozen_mlp_readout_sgd,14,256,4096,50,0.5,2layer_relu_frozen_first,310,sgd,0.05,0.9,0.0,20000,15810,310,nan,nan,8.266944408416748
,,,,,,,,,,,,,,01_attempt7_frozen_mlp_readout_sgd,14,256,4096,50,0.5,2layer_relu_frozen_first,320,sgd,0.05,0.9,0.0,20000,16320,320,nan,nan,8.11715030670166
,,,,,,,,,,,,,,01_attempt7_frozen_mlp_readout_sgd,14,256,4096,50,0.5,2layer_relu_frozen_first,330,sgd,0.05,0.9,0.0,20000,16830,330,nan,nan,8.111258745193481
,,,,,,,,,,,,,,01_attempt7_frozen_mlp_readout_sgd,14,256,4096,50,0.5,2layer_relu_frozen_first,340,sgd,0.05,0.9,0.0,20000,17340,340,nan,nan,8.163187265396118
,,,,,,,,,,,,,,01_attempt7_frozen_mlp_readout_sgd,14,256,4096,50,0.5,2layer_relu_frozen_first,350,sgd,0.05,0.9,0.0,20000,17850,350,nan,nan,8.12557578086853
,,,,,,,,,,,,,,01_attempt7_frozen_mlp_readout_sgd,14,256,4096,50,0.5,2layer_relu_frozen_first,360,sgd,0.05,0.9,0.0,20000,18360,360,nan,nan,8.131258010864258
,,,,,,,,,,,,,,01_attempt7_frozen_mlp_readout_sgd,14,256,4096,50,0.5,2layer_relu_frozen_first,370,sgd,0.05,0.9,0.0,20000,18870,370,nan,nan,8.273981094360352
,,,,,,,,,,,,,,01_attempt7_frozen_mlp_readout_sgd,14,256,4096,50,0.5,2layer_relu_frozen_first,380,sgd,0.05,0.9,0.0,20000,19380,380,nan,nan,8.270150423049927
,,,,,,,,,,,,,,01_attempt7_frozen_mlp_readout_sgd,14,256,4096,50,0.5,2layer_relu_frozen_first,390,sgd,0.05,0.9,0.0,20000,19890,390,nan,nan,8.315930128097534
,,,,,,,,,,,,,,01_attempt7_frozen_mlp_readout_sgd,14,256,4096,50,0.5,2layer_relu_frozen_first,400,sgd,0.05,0.9,0.0,20000,20400,400,nan,nan,8.311148643493652
,,,,,,,,,,,,,,01_attempt7_frozen_mlp_readout_sgd,14,256,4096,50,0.5,2layer_relu_frozen_first,500,sgd,0.05,0.9,0.0,20000,25500,500,nan,nan,8.764957189559937
,,,,,,,,,,,,,,01_attempt7_frozen_mlp_readout_sgd,14,256,4096,50,0.5,2layer_relu_frozen_first,700,sgd,0.05,0.9,0.0,20000,35700,700,nan,nan,9.3054838180542
,,,,,,,,,,,,,,01_attempt7_frozen_mlp_readout_sgd,14,256,4096,50,0.5,2layer_relu_frozen_first,1000,sgd,0.05,0.9,0.0,20000,51000,1000,nan,nan,9.729865789413452
,,,,,,,,,,,,,,01_attempt7_frozen_mlp_readout_sgd,14,256,4096,50,0.5,2layer_relu_frozen_first,1500,sgd,0.05,0.9,0.0,20000,76500,1500,nan,nan,11.326427698135376
,,,,,,,,,,,,,,01_attempt7_frozen_mlp_readout_sgd,14,256,4096,50,0.5,2layer_relu_frozen_first,2000,sgd,0.05,0.9,0.0,20000,102000,2000,nan,nan,13.002833366394043
,,,,,,,,,,,,,,01_attempt7_frozen_mlp_readout_sgd,14,256,4096,50,0.5,2layer_relu_frozen_first,3000,sgd,0.05,0.9,0.0,20000,153000,3000,nan,nan,17.119122743606567
,,,,,,,,,,,,,,01_attempt8_frozen_mlp_readout_sgd_extended,14,256,4096,50,0.5,2layer_relu_frozen_first,10,sgd,0.05,0.9,0.0,20000,510,10,0.8465753793716431,0.7762875258922577,7.61947774887085
,,,,,,,,,,,,,,01_attempt8_frozen_mlp_readout_sgd_extended,14,256,4096,50,0.5,2layer_relu_frozen_first,20,sgd,0.05,0.9,0.0,20000,1020,20,0.8505512475967407,0.8100321590900421,7.3296449184417725
,,,,,,,,,,,,,,01_attempt8_frozen_mlp_readout_sgd_extended,14,256,4096,50,0.5,2layer_relu_frozen_first,30,sgd,0.05,0.9,0.0,20000,1530,30,0.607332170009613,0.6335942447185516,7.164211988449097
,,,,,,,,,,,,,,01_attempt8_frozen_mlp_readout_sgd_extended,14,256,4096,50,0.5,2layer_relu_frozen_first,40,sgd,0.05,0.9,0.0,20000,2040,40,0.5293510556221008,0.5559980571269989,7.1336846351623535
,,,,,,,,,,,,,,01_attempt8_frozen_mlp_readout_sgd_extended,14,256,4096,50,0.5,2layer_relu_frozen_first,50,sgd,0.05,0.9,0.0,20000,2550,50,0.4625302255153656,0.3928173780441284,7.046531677246094
,,,,,,,,,,,,,,01_attempt8_frozen_mlp_readout_sgd_extended,14,256,4096,50,0.5,2layer_relu_frozen_first,60,sgd,0.05,0.9,0.0,20000,3060,60,0.4004438519477844,0.5441974699497223,7.1763176918029785
,,,,,,,,,,,,,,01_attempt8_frozen_mlp_readout_sgd_extended,14,256,4096,50,0.5,2layer_relu_frozen_first,70,sgd,0.05,0.9,0.0,20000,3570,70,0.4492330551147461,0.5769323408603668,7.401523113250732
,,,,,,,,,,,,,,01_attempt8_frozen_mlp_readout_sgd_extended,14,256,4096,50,0.5,2layer_relu_frozen_first,80,sgd,0.05,0.9,0.0,20000,4080,80,0.30757567286491394,0.452126145362854,7.445839881896973
,,,,,,,,,,,,,,01_attempt8_frozen_mlp_readout_sgd_extended,14,256,4096,50,0.5,2layer_relu_frozen_first,90,sgd,0.05,0.9,0.0,20000,4590,90,0.2613708972930908,0.4216401278972626,7.323149919509888
,,,,,,,,,,,,,,01_attempt8_frozen_mlp_readout_sgd_extended,14,256,4096,50,0.5,2layer_relu_frozen_first,100,sgd,0.05,0.9,0.0,20000,5100,100,0.22557300329208374,0.4335289001464844,7.4013872146606445
,,,,,,,,,,,,,,01_attempt8_frozen_mlp_readout_sgd_extended,14,256,4096,50,0.5,2layer_relu_frozen_first,110,sgd,0.05,0.9,0.0,20000,5610,110,0.2677348554134369,0.4939115047454834,7.447089672088623
,,,,,,,,,,,,,,01_attempt8_frozen_mlp_readout_sgd_extended,14,256,4096,50,0.5,2layer_relu_frozen_first,120,sgd,0.05,0.9,0.0,20000,6120,120,0.1717260777950287,0.49356256425380707,7.4135637283325195
,,,,,,,,,,,,,,01_attempt8_frozen_mlp_readout_sgd_extended,14,256,4096,50,0.5,2layer_relu_frozen_first,130,sgd,0.05,0.9,0.0,20000,6630,130,0.1477760225534439,0.41227881610393524,7.524812459945679
,,,,,,,,,,,,,,01_attempt8_frozen_mlp_readout_sgd_extended,14,256,4096,50,0.5,2layer_relu_frozen_first,140,sgd,0.05,0.9,0.0,20000,7140,140,0.1787567287683487,0.5760288238525391,7.5816755294799805
,,,,,,,,,,,,,,01_attempt8_frozen_mlp_readout_sgd_extended,14,256,4096,50,0.5,2layer_relu_frozen_first,150,sgd,0.05,0.9,0.0,20000,7650,150,0.15549664199352264,0.5013781487941742,8.036381721496582
,,,,,,,,,,,,,,01_attempt8_frozen_mlp_readout_sgd_extended,14,256,4096,50,0.5,2layer_relu_frozen_first,160,sgd,0.05,0.9,0.0,20000,8160,160,0.12586715817451477,0.6324811577796936,7.8368079662323
,,,,,,,,,,,,,,01_attempt8_frozen_mlp_readout_sgd_extended,14,256,4096,50,0.5,2layer_relu_frozen_first,170,sgd,0.05,0.9,0.0,20000,8670,170,0.13569319248199463,0.7033501863479614,7.942995309829712
,,,,,,,,,,,,,,01_attempt8_frozen_mlp_readout_sgd_extended,14,256,4096,50,0.5,2layer_relu_frozen_first,180,sgd,0.05,0.9,0.0,20000,9180,180,0.07853008806705475,0.9388161897659302,8.018165588378906
,,,,,,,,,,,,,,01_attempt8_frozen_mlp_readout_sgd_extended,14,256,4096,50,0.5,2layer_relu_frozen_first,190,sgd,0.05,0.9,0.0,20000,9690,190,0.07693357020616531,1.2689561247825623,8.021541833877563
,,,,,,,,,,,,,,01_attempt8_frozen_mlp_readout_sgd_extended,14,256,4096,50,0.5,2layer_relu_frozen_first,200,sgd,0.05,0.9,0.0,20000,10200,200,0.07687652111053467,0.8265367150306702,8.034783363342285
,,,,,,,,,,,,,,01_attempt8_frozen_mlp_readout_sgd_extended,14,256,4096,50,0.5,2layer_relu_frozen_first,210,sgd,0.05,0.9,0.0,20000,10710,210,0.05411727726459503,1.064307451248169,8.19711446762085
,,,,,,,,,,,,,,01_attempt8_frozen_mlp_readout_sgd_extended,14,256,4096,50,0.5,2layer_relu_frozen_first,220,sgd,0.05,0.9,0.0,20000,11220,220,0.04778670147061348,1.6675356030464172,8.194244623184204
,,,,,,,,,,,,,,01_attempt8_frozen_mlp_readout_sgd_extended,14,256,4096,50,0.5,2layer_relu_frozen_first,230,sgd,0.05,0.9,0.0,20000,11730,230,0.02909397892653942,3.381028890609741,8.362614154815674
,,,,,,,,,,,,,,01_attempt8_frozen_mlp_readout_sgd_extended,14,256,4096,50,0.5,2layer_relu_frozen_first,240,sgd,0.05,0.9,0.0,20000,12240,240,nan,nan,8.439473867416382
,,,,,,,,,,,,,,01_attempt8_frozen_mlp_readout_sgd_extended,14,256,4096,50,0.5,2layer_relu_frozen_first,250,sgd,0.05,0.9,0.0,20000,12750,250,nan,nan,8.26160740852356
,,,,,,,,,,,,,,01_attempt8_frozen_mlp_readout_sgd_extended,14,256,4096,50,0.5,2layer_relu_frozen_first,260,sgd,0.05,0.9,0.0,20000,13260,260,nan,nan,8.784099102020264
,,,,,,,,,,,,,,01_attempt8_frozen_mlp_readout_sgd_extended,14,256,4096,50,0.5,2layer_relu_frozen_first,270,sgd,0.05,0.9,0.0,20000,13770,270,nan,nan,8.091543674468994
,,,,,,,,,,,,,,01_attempt8_frozen_mlp_readout_sgd_extended,14,256,4096,50,0.5,2layer_relu_frozen_first,280,sgd,0.05,0.9,0.0,20000,14280,280,nan,nan,8.116326570510864
,,,,,,,,,,,,,,01_attempt8_frozen_mlp_readout_sgd_extended,14,256,4096,50,0.5,2layer_relu_frozen_first,290,sgd,0.05,0.9,0.0,20000,14790,290,nan,nan,8.16838002204895
,,,,,,,,,,,,,,01_attempt8_frozen_mlp_readout_sgd_extended,14,256,4096,50,0.5,2layer_relu_frozen_first,300,sgd,0.05,0.9,0.0,20000,15300,300,nan,nan,8.45776653289795
,,,,,,,,,,,,,,01_attempt8_frozen_mlp_readout_sgd_extended,14,256,4096,50,0.5,2layer_relu_frozen_first,310,sgd,0.05,0.9,0.0,20000,15810,310,nan,nan,8.261866331100464
,,,,,,,,,,,,,,01_attempt8_frozen_mlp_readout_sgd_extended,14,256,4096,50,0.5,2layer_relu_frozen_first,320,sgd,0.05,0.9,0.0,20000,16320,320,nan,nan,8.170535802841187
,,,,,,,,,,,,,,01_attempt8_frozen_mlp_readout_sgd_extended,14,256,4096,50,0.5,2layer_relu_frozen_first,330,sgd,0.05,0.9,0.0,20000,16830,330,nan,nan,8.99990463256836
,,,,,,,,,,,,,,01_attempt8_frozen_mlp_readout_sgd_extended,14,256,4096,50,0.5,2layer_relu_frozen_first,340,sgd,0.05,0.9,0.0,20000,17340,340,nan,nan,9.747031211853027
,,,,,,,,,,,,,,01_attempt8_frozen_mlp_readout_sgd_extended,14,256,4096,50,0.5,2layer_relu_frozen_first,350,sgd,0.05,0.9,0.0,20000,17850,350,nan,nan,9.836793661117554
,,,,,,,,,,,,,,01_attempt8_frozen_mlp_readout_sgd_extended,14,256,4096,50,0.5,2layer_relu_frozen_first,360,sgd,0.05,0.9,0.0,20000,18360,360,nan,nan,9.630497932434082
,,,,,,,,,,,,,,01_attempt8_frozen_mlp_readout_sgd_extended,14,256,4096,50,0.5,2layer_relu_frozen_first,370,sgd,0.05,0.9,0.0,20000,18870,370,nan,nan,8.441452026367188
,,,,,,,,,,,,,,01_attempt8_frozen_mlp_readout_sgd_extended,14,256,4096,50,0.5,2layer_relu_frozen_first,380,sgd,0.05,0.9,0.0,20000,19380,380,nan,nan,8.42167067527771
,,,,,,,,,,,,,,01_attempt8_frozen_mlp_readout_sgd_extended,14,256,4096,50,0.5,2layer_relu_frozen_first,390,sgd,0.05,0.9,0.0,20000,19890,390,nan,nan,8.448251008987427
,,,,,,,,,,,,,,01_attempt8_frozen_mlp_readout_sgd_extended,14,256,4096,50,0.5,2layer_relu_frozen_first,400,sgd,0.05,0.9,0.0,20000,20400,400,nan,nan,8.485713005065918
,,,,,,,,,,,,,,01_attempt8_frozen_mlp_readout_sgd_extended,14,256,4096,50,0.5,2layer_relu_frozen_first,500,sgd,0.05,0.9,0.0,20000,25500,500,nan,nan,8.724335670471191
,,,,,,,,,,,,,,01_attempt8_frozen_mlp_readout_sgd_extended,14,256,4096,50,0.5,2layer_relu_frozen_first,700,sgd,0.05,0.9,0.0,20000,35700,700,nan,nan,9.307043075561523
,,,,,,,,,,,,,,01_attempt8_frozen_mlp_readout_sgd_extended,14,256,4096,50,0.5,2layer_relu_frozen_first,1000,sgd,0.05,0.9,0.0,20000,51000,1000,nan,nan,10.009035348892212
,,,,,,,,,,,,,,01_attempt8_frozen_mlp_readout_sgd_extended,14,256,4096,50,0.5,2layer_relu_frozen_first,1500,sgd,0.05,0.9,0.0,20000,76500,1500,nan,nan,11.48007583618164
,,,,,,,,,,,,,,01_attempt8_frozen_mlp_readout_sgd_extended,14,256,4096,50,0.5,2layer_relu_frozen_first,2000,sgd,0.05,0.9,0.0,20000,102000,2000,nan,nan,13.256880760192871
,,,,,,,,,,,,,,01_attempt8_frozen_mlp_readout_sgd_extended,14,256,4096,50,0.5,2layer_relu_frozen_first,3000,sgd,0.05,0.9,0.0,20000,153000,3000,nan,nan,17.68416118621826
,,,,,,,,,,,,,,01_attempt8_frozen_mlp_readout_sgd_extended,14,256,4096,50,0.5,2layer_relu_frozen_first,5000,sgd,0.05,0.9,0.0,20000,255000,5000,nan,nan,34.97246956825256
,,,,,,,,,,,,,,01_attempt8_frozen_mlp_readout_sgd_extended,14,256,4096,50,0.5,2layer_relu_frozen_first,8000,sgd,0.05,0.9,0.0,20000,408000,8000,nan,nan,82.90897512435913
,,,,,,,,,,,,,,01_attempt8b_frozen_mlp_readout_adam_earlystop,14,256,4096,50,0.5,2layer_relu_frozen_first,10,adam,0.01,200000,10,0.8465754985809326,0.7763049602508545,80.68692421913147
,,,,,,,,,,,,,,01_attempt8b_frozen_mlp_readout_adam_earlystop,14,256,4096,50,0.5,2layer_relu_frozen_first,20,adam,0.01,200000,20,0.8505513668060303,0.8100310266017914,79.49007892608643
,,,,,,,,,,,,,,01_attempt8b_frozen_mlp_readout_adam_earlystop,14,256,4096,50,0.5,2layer_relu_frozen_first,30,adam,0.01,200000,30,0.6073341965675354,0.6337338984012604,81.47625207901001
,,,,,,,,,,,,,,01_attempt8b_frozen_mlp_readout_adam_earlystop,14,256,4096,50,0.5,2layer_relu_frozen_first,40,adam,0.01,200000,40,0.5293510556221008,0.5559981167316437,81.2937479019165
,,,,,,,,,,,,,,01_attempt8b_frozen_mlp_readout_adam_earlystop,14,256,4096,50,0.5,2layer_relu_frozen_first,50,adam,0.01,200000,50,0.4625301957130432,0.3928180932998657,91.25020289421082
,,,,,,,,,,,,,,01_attempt8b_frozen_mlp_readout_adam_earlystop,14,256,4096,50,0.5,2layer_relu_frozen_first,60,adam,0.01,200000,60,0.4004438519477844,0.5441974401473999,92.11038899421692
,,,,,,,,,,,,,,01_attempt8b_frozen_mlp_readout_adam_earlystop,14,256,4096,50,0.5,2layer_relu_frozen_first,70,adam,0.01,200000,70,0.4492330551147461,0.5769322216510773,93.48907160758972
,,,,,,,,,,,,,,01_attempt8b_frozen_mlp_readout_adam_earlystop,14,256,4096,50,0.5,2layer_relu_frozen_first,80,adam,0.01,200000,80,0.30757567286491394,0.4521261304616928,94.3162202835083
,,,,,,,,,,,,,,01_attempt8b_frozen_mlp_readout_adam_earlystop,14,256,4096,50,0.5,2layer_relu_frozen_first,90,adam,0.01,200000,90,0.2613708972930908,0.42164018750190735,94.4461407661438
,,,,,,,,,,,,,,01_attempt8b_frozen_mlp_readout_adam_earlystop,14,256,4096,50,0.5,2layer_relu_frozen_first,100,adam,0.01,200000,100,0.2255783975124359,0.4337104856967926,94.6378881931305
,,,,,,,,,,,,,,01_attempt8b_frozen_mlp_readout_adam_earlystop,14,256,4096,50,0.5,2layer_relu_frozen_first,110,adam,0.01,200000,110,0.2677348554134369,0.4939115047454834,95.35721635818481
,,,,,,,,,,,,,,01_attempt8b_frozen_mlp_readout_adam_earlystop,14,256,4096,50,0.5,2layer_relu_frozen_first,120,adam,0.01,200000,120,0.1717260777950287,0.49356287717819214,95.19224047660828
,,,,,,,,,,,,,,01_attempt8b_frozen_mlp_readout_adam_earlystop,14,256,4096,50,0.5,2layer_relu_frozen_first,130,adam,0.01,200000,130,0.1477760225534439,0.41227877140045166,97.61544036865234
,,,,,,,,,,,,,,01_attempt8b_frozen_mlp_readout_adam_earlystop,14,256,4096,50,0.5,2layer_relu_frozen_first,140,adam,0.01,200000,140,0.17951810359954834,0.5787921249866486,98.7465558052063
,,,,,,,,,,,,,,01_attempt8b_frozen_mlp_readout_adam_earlystop,14,256,4096,50,0.5,2layer_relu_frozen_first,150,adam,0.01,200000,150,0.15549662709236145,0.5013786256313324,102.1275794506073
,,,,,,,,,,,,,,01_attempt8b_frozen_mlp_readout_adam_earlystop,14,256,4096,50,0.5,2layer_relu_frozen_first,160,adam,0.01,200000,160,0.12586712837219238,0.6324818730354309,98.11388659477234
,,,,,,,,,,,,,,01_attempt8b_frozen_mlp_readout_adam_earlystop,14,256,4096,50,0.5,2layer_relu_frozen_first,170,adam,0.01,200000,170,0.13569319248199463,0.7033508718013763,95.81722378730774
,,,,,,,,,,,,,,01_attempt8b_frozen_mlp_readout_adam_earlystop,14,256,4096,50,0.5,2layer_relu_frozen_first,180,adam,0.01,200000,180,0.07853008806705475,0.9388178884983063,92.73757290840149
,,,,,,,,,,,,,,01_attempt8b_frozen_mlp_readout_adam_earlystop,14,256,4096,50,0.5,2layer_relu_frozen_first,190,adam,0.01,200000,190,0.07693357765674591,1.268958866596222,93.44633603096008
,,,,,,,,,,,,,,01_attempt8b_frozen_mlp_readout_adam_earlystop,14,256,4096,50,0.5,2layer_relu_frozen_first,200,adam,0.01,200000,200,0.07687651365995407,0.8265379965305328,94.52275705337524
,,,,,,,,,,,,,,01_attempt8b_frozen_mlp_readout_adam_earlystop,14,256,4096,50,0.5,2layer_relu_frozen_first,210,adam,0.01,200000,210,0.054117269814014435,1.0643097162246704,93.8382830619812
,,,,,,,,,,,,,,01_attempt8b_frozen_mlp_readout_adam_earlystop,14,256,4096,50,0.5,2layer_relu_frozen_first,220,adam,0.01,200000,220,0.047786690294742584,1.6675549745559692,101.50336241722107
,,,,,,,,,,,,,,01_attempt8b_frozen_mlp_readout_adam_earlystop,14,256,4096,50,0.5,2layer_relu_frozen_first,230,adam,0.01,200000,230,0.029093999415636063,3.3826087713241577,118.42345118522644
,,,,,,,,,,,,,,01_attempt8b_frozen_mlp_readout_adam_earlystop,14,256,4096,50,0.5,2layer_relu_frozen_first,240,adam,0.01,200000,240,0.02027153968811035,3.9342743158340454,124.57042098045349
,,,,,,,,,,,,,,01_attempt8b_frozen_mlp_readout_adam_earlystop,14,256,4096,50,0.5,2layer_relu_frozen_first,250,adam,0.01,200000,250,0.007527714595198631,11.893194675445557,125.92471170425415
,,,,,,,,,,,,,,01_attempt8b_frozen_mlp_readout_adam_earlystop,14,256,4096,50,0.5,2layer_relu_frozen_first,260,adam,0.01,200000,260,0.0003665589028969407,52.4334831237793,119.29469132423401
,,,,,,,,,,,,,,01_attempt8b_frozen_mlp_readout_adam_earlystop,14,256,4096,50,0.5,2layer_relu_frozen_first,270,adam,0.01,200000,270,0.00029812660068273544,8.75512409210205,128.65397095680237
,,,,,,,,,,,,,,01_attempt8b_frozen_mlp_readout_adam_earlystop,14,256,4096,50,0.5,2layer_relu_frozen_first,280,adam,0.01,40000,280,3.993877673025281e-09,2.569687247276306,27.507603883743286
,,,,,,,,,,,,,,01_attempt8b_frozen_mlp_readout_adam_earlystop,14,256,4096,50,0.5,2layer_relu_frozen_first,290,adam,0.01,20000,290,8.741353418884046e-09,3.248242139816284,14.102689027786255
,,,,,,,,,,,,,,01_attempt8b_frozen_mlp_readout_adam_earlystop,14,256,4096,50,0.5,2layer_relu_frozen_first,300,adam,0.01,15000,300,5.792685775496409e-12,1.9658710360527039,10.343918800354004
,,,,,,,,,,,,,,01_attempt8b_frozen_mlp_readout_adam_earlystop,14,256,4096,50,0.5,2layer_relu_frozen_first,310,adam,0.01,15000,310,5.128888307982804e-13,1.35431969165802,9.729672193527222
,,,,,,,,,,,,,,01_attempt8b_frozen_mlp_readout_adam_earlystop,14,256,4096,50,0.5,2layer_relu_frozen_first,320,adam,0.01,10000,320,1.583445288950991e-12,1.1394997835159302,6.259617805480957
,,,,,,,,,,,,,,01_attempt8b_frozen_mlp_readout_adam_earlystop,14,256,4096,50,0.5,2layer_relu_frozen_first,330,adam,0.01,10000,330,3.732553003656103e-13,1.21907240152359,6.479795455932617
,,,,,,,,,,,,,,01_attempt8b_frozen_mlp_readout_adam_earlystop,14,256,4096,50,0.5,2layer_relu_frozen_first,340,adam,0.01,5000,340,1.4644799262164554e-10,0.8951419293880463,3.352095127105713
,,,,,,,,,,,,,,01_attempt8b_frozen_mlp_readout_adam_earlystop,14,256,4096,50,0.5,2layer_relu_frozen_first,350,adam,0.01,10000,350,2.4732654617908023e-13,1.1036130785942078,6.389244556427002
,,,,,,,,,,,,,,01_attempt8b_frozen_mlp_readout_adam_earlystop,14,256,4096,50,0.5,2layer_relu_frozen_first,360,adam,0.01,10000,360,6.111266142661345e-14,0.8834187686443329,6.385343074798584
,,,,,,,,,,,,,,01_attempt8b_frozen_mlp_readout_adam_earlystop,14,256,4096,50,0.5,2layer_relu_frozen_first,370,adam,0.01,5000,370,3.221551172528925e-13,0.7184693813323975,3.202549695968628
,,,,,,,,,,,,,,01_attempt8b_frozen_mlp_readout_adam_earlystop,14,256,4096,50,0.5,2layer_relu_frozen_first,380,adam,0.01,5000,380,4.457016895310917e-13,0.8923273682594299,3.1742639541625977
,,,,,,,,,,,,,,01_attempt8b_frozen_mlp_readout_adam_earlystop,14,256,4096,50,0.5,2layer_relu_frozen_first,390,adam,0.01,5000,390,4.1842160433073344e-14,0.8236678540706635,3.3822028636932373
,,,,,,,,,,,,,,01_attempt8b_frozen_mlp_readout_adam_earlystop,14,256,4096,50,0.5,2layer_relu_frozen_first,400,adam,0.01,5000,400,7.686308322674487e-14,0.7210572957992554,3.258239507675171
,,,,,,,,,,,,,,01_attempt8b_frozen_mlp_readout_adam_earlystop,14,256,4096,50,0.5,2layer_relu_frozen_first,500,adam,0.01,5000,500,4.018333110917052e-14,0.3858530670404434,3.3603904247283936
,,,,,,,,,,,,,,01_attempt8b_frozen_mlp_readout_adam_earlystop,14,256,4096,50,0.5,2layer_relu_frozen_first,700,adam,0.01,5000,700,1.6498934651224678e-14,0.25625060498714447,3.5958809852600098
,,,,,,,,,,,,,,01_attempt8b_frozen_mlp_readout_adam_earlystop,14,256,4096,50,0.5,2layer_relu_frozen_first,1000,adam,0.01,10000,1000,9.750210655404355e-15,0.2085472047328949,7.517256498336792
,,,,,,,,,,,,,,01_attempt8b_frozen_mlp_readout_adam_earlystop,14,256,4096,50,0.5,2layer_relu_frozen_first,1500,adam,0.01,5000,1500,3.738378495654615e-10,0.16524814814329147,4.396334409713745
,,,,,,,,,,,,,,01_attempt8b_frozen_mlp_readout_adam_earlystop,14,256,4096,50,0.5,2layer_relu_frozen_first,2000,adam,0.01,5000,2000,6.979965684486642e-15,0.14445864409208298,4.869328022003174
,,,,,,,,,,,,,,01_attempt8b_frozen_mlp_readout_adam_earlystop,14,256,4096,50,0.5,2layer_relu_frozen_first,3000,adam,0.01,5000,3000,1.0583799495719835e-14,0.12981118261814117,6.822392225265503
,,,,,,,,,,,,,,01_attempt8b_frozen_mlp_readout_adam_earlystop,14,256,4096,50,0.5,2layer_relu_frozen_first,5000,adam,0.01,5000,5000,7.610347932624027e-15,0.1306721419095993,13.495341300964355
,,,,,,,,,,,,,,01_attempt8b_frozen_mlp_readout_adam_earlystop,14,256,4096,50,0.5,2layer_relu_frozen_first,8000,adam,0.01,5000,8000,1.0059235379617035e-14,0.15365153551101685,26.287407159805298
,,,,,,,,,,,,,,01_attempt8b_frozen_mlp_readout_adam_earlystop,14,256,4096,50,0.5,2layer_relu_frozen_first,12000,adam,0.01,5000,12000,1.7462844592672916e-14,0.17172587662935257,39.63938498497009
,,,,,,,,,,,,,,01_attempt8b_frozen_mlp_readout_adam_earlystop,14,256,4096,50,0.5,2layer_relu_frozen_first,20000,adam,0.01,5000,20000,2.0695230739612575e-14,0.282357856631279,74.8156270980835
,,,,,,,,,,,,,,01_teacher_student_double_descent,14,2,4,relu,109,0.1,adam,0.003,0.0,5000,13.827367782592773,23.378674507141113,4.625459909439087
,,,,,,,,,,,,,,01_teacher_student_double_descent,14,2,8,relu,249,0.1,adam,0.003,0.0,5000,7.855951309204102,32.77304649353027,4.410270929336548
,,,,,,,,,,,,,,01_teacher_student_double_descent,14,2,16,relu,625,0.1,adam,0.003,0.0,5000,0.7595289945602417,54.87640380859375,4.280829429626465
,,,,,,,,,,,,,,01_teacher_student_double_descent,14,2,32,relu,1761,0.1,adam,0.003,0.0,5000,0.10662336647510529,44.89128875732422,4.257920742034912
,,,,,,,,,,,,,,01_teacher_student_double_descent,14,2,64,relu,5569,0.1,adam,0.003,0.0,5000,0.11604044586420059,32.89962577819824,4.500146389007568
,,,,,,,,,,,,,,01_teacher_student_double_descent,14,2,96,relu,11425,0.1,adam,0.003,0.0,5000,0.03147926181554794,30.997163772583008,4.703536510467529
,,,,,,,,,,,,,,01_teacher_student_double_descent,14,2,128,relu,19329,0.1,adam,0.003,0.0,5000,0.008835840038955212,29.29207420349121,5.017993688583374
,,,,,,,,,,,,,,01_teacher_student_double_descent,14,2,192,relu,41281,0.1,adam,0.003,0.0,5000,0.24326220154762268,28.196579933166504,5.544523000717163
,,,,,,,,,,,,,,01_teacher_student_double_descent,14,2,256,relu,71425,0.1,adam,0.003,0.0,5000,0.08232515305280685,27.41422939300537,6.252912282943726
,,,,,,,,,,,,,,01_teacher_student_double_descent,14,2,384,relu,156289,0.1,adam,0.003,0.0,5000,0.048067882657051086,25.990817070007324,7.839707374572754
,,,,,,,,,,,,,,01_teacher_student_double_descent,14,2,512,relu,273921,0.1,adam,0.003,0.0,5000,0.0007584794075228274,25.095154762268066,10.382312536239624
,,,,,,,,,,,,,,01_teacher_student_double_descent,14,2,768,relu,607489,0.1,adam,0.003,0.0,5000,0.0021165162324905396,24.499953269958496,24.860527753829956
,,,,,,,,,,,,,,01_teacher_student_double_descent,14,2,1024,relu,1072129,0.1,adam,0.003,0.0,5000,0.007676966488361359,23.65011215209961,42.86656880378723
,,,,,,,,,,,,,,01_teacher_student_double_descent_attempt2,14,2,4,relu,109,0.3,adam,0.003,0.0,8000,7.937469959259033,37.47323799133301,7.856354713439941
,,,,,,,,,,,,,,01_teacher_student_double_descent_attempt2,14,2,8,relu,249,0.3,adam,0.003,0.0,8000,2.1066651344299316,56.37331962585449,7.889283895492554
,,,,,,,,,,,,,,01_teacher_student_double_descent_attempt2,14,2,16,relu,625,0.3,adam,0.003,0.0,8000,5.084956228529336e-06,54.98293876647949,6.947574853897095
,,,,,,,,,,,,,,01_teacher_student_double_descent_attempt2,14,2,32,relu,1761,0.3,adam,0.003,0.0,8000,2.7581660106079653e-05,38.64207458496094,6.748682975769043
,,,,,,,,,,,,,,01_teacher_student_double_descent_attempt2,14,2,64,relu,5569,0.3,adam,0.003,0.0,8000,0.005244426894932985,34.16959190368652,7.140500783920288
,,,,,,,,,,,,,,01_teacher_student_double_descent_attempt2,14,2,96,relu,11425,0.3,adam,0.003,0.0,8000,0.00012764915300067514,32.69887447357178,7.404246091842651
,,,,,,,,,,,,,,01_teacher_student_double_descent_attempt2,14,2,128,relu,19329,0.3,adam,0.003,0.0,8000,0.0003046115452889353,31.6887845993042,8.069559574127197
,,,,,,,,,,,,,,01_teacher_student_double_descent_attempt2,14,2,192,relu,41281,0.3,adam,0.003,0.0,8000,7.885876584623475e-06,28.678325653076172,9.077983856201172
,,,,,,,,,,,,,,01_teacher_student_double_descent_attempt2,14,2,256,relu,71425,0.3,adam,0.003,0.0,8000,0.020556101575493813,29.330116271972656,10.493331670761108
,,,,,,,,,,,,,,01_teacher_student_double_descent_attempt2,14,2,384,relu,156289,0.3,adam,0.003,0.0,8000,0.0029692400712519884,27.940390586853027,12.219911575317383
,,,,,,,,,,,,,,01_teacher_student_double_descent_attempt2,14,2,512,relu,273921,0.3,adam,0.003,0.0,8000,0.0009855463868007064,27.37524700164795,16.41023015975952
,,,,,,,,,,,,,,01_teacher_student_double_descent_attempt2,14,2,768,relu,607489,0.3,adam,0.003,0.0,8000,0.002772886073216796,26.259387016296387,40.58569836616516
,,,,,,,,,,,,,,01_teacher_student_double_descent_attempt2,14,2,1024,relu,1072129,0.3,adam,0.003,0.0,8000,0.006450038403272629,26.262818336486816,66.43425607681274
